Product Name,Sales,Profit,Quantity,Orders,Profit Margin
"""While you Were Out"" Message Book, One Form per Page",25.228,10.388,8,3,41.17647058823529
"#10 Gummed Flap White Envelopes, 100/Box",41.3,16.7678,11,4,40.60000000000001
#10 Self-Seal White Envelopes,108.682,52.123,10,4,47.95918367346938
"#10 White Business Envelopes,4 1/8 x 9 1/2",488.904,223.1408,32,7,45.64102564102564
"#10- 4 1/8"" x 9 1/2"" Recycled Envelopes",286.672,115.2806,37,10,40.21341463414634
"#10- 4 1/8"" x 9 1/2"" Security-Tint Envelopes",146.688,64.86359999999999,21,8,44.21874999999999
"#10-4 1/8"" x 9 1/2"" Premium Diagonal Seam Envelopes",176.288,63.747,13,2,36.160714285714285
#6 3/4 Gummed Flap White Envelopes,71.28,24.948,9,4,35.0
"1.7 Cubic Foot Compact ""Cube"" Office Refrigerators",2706.08,578.6848,14,6,21.384615384615387
"1/4 Fold Party Design Invitations & White Envelopes, 24 8-1/2"" X 11"" Cards, 25 Env./Pack",49.980000000000004,22.7115,7,2,45.44117647058823
12 Colored Short Pencils,18.2,3.016,8,3,16.571428571428573
12-1/2 Diameter Round Wall Clock,551.448,91.1088,36,8,16.521739130434785
14-7/8 x 11 Blue Bar Computer Printout Paper,422.752,172.94400000000002,10,4,40.909090909090914
2300 Heavy-Duty Transfer File Systems by Perma,344.724,20.9832,16,4,6.086956521739131
"24 Capacity Maxi Data Binder Racks, Pearl",3537.24,536.9025,19,4,15.17857142857143
24-Hour Round Wall Clock,487.512,180.0198,27,6,36.92622950819672
3-ring staple pack,42.111999999999995,16.6944,26,6,39.64285714285715
3.6 Cubic Foot Counter Height Office Refrigerator,2946.2,-872.0751999999999,18,5,-29.599999999999998
36X48 HARDFLOOR CHAIRMAT,369.24800000000005,-40.4914,21,6,-10.965909090909088
"3D Systems Cube Printer, 2nd Generation, Magenta",14299.89,3717.9714000000004,11,2,26.0
"3D Systems Cube Printer, 2nd Generation, White",2339.982,-467.9964,3,2,-20.0
3M Hangers With Command Adhesive,108.03999999999999,36.001,33,8,33.321917808219176
3M Office Air Cleaner,259.8,90.93,10,2,35.0
3M Organizer Strips,83.16,10.151999999999997,26,7,12.207792207792204
3M Polarizing Light Filter Sleeves,216.34,75.34599999999999,14,4,34.82758620689654
"3M Polarizing Task Lamp with Clamp Arm, Light Gray",2191.68,569.8368,16,4,26.000000000000007
3M Replacement Filter for Office Air Cleaner for 20' x 33' Room,303.36,-20.476799999999997,14,4,-6.749999999999999
4009 Highlighters,8.04,2.7336,6,1,34.0
4009 Highlighters by Sanford,171.14,53.8096,44,8,31.441860465116285
50 Colored Long Pencils,138.176,32.9184,14,5,23.823529411764707
"6"" Cubicle Wall Clock, Black",124.586,26.211599999999997,19,4,21.038961038961038
9-3/4 Diameter Round Wall Clock,455.07,183.1312,34,8,40.24242424242425
"ACCOHIDE 3-Ring Binder, Blue, 1""",147.028,50.7164,44,13,34.49438202247192
ACCOHIDE Binder by Acco,65.25399999999999,19.287100000000002,21,4,29.556962025316462
APC 7 Outlet Network SurgeArrest Surge Protector,1207.2,80.47999999999998,20,8,6.666666666666663
ARKON Windshield Dashboard Air Vent Car Mount Holder,216.95999999999998,-15.594000000000001,14,4,-7.187500000000001
AT&T 1070 Corded Phone,1070.304,133.788,12,3,12.5
AT&T 1080 Corded phone,1945.258,145.2094,18,7,7.464788732394366
AT&T 1080 Phone,1589.084,271.24019999999996,13,3,17.068965517241377
AT&T 17929 Lendline Telephone,1339.104,167.388,35,10,12.5
AT&T 841000 Phone,1614.6,165.6,28,7,10.256410256410255
AT&T CL2909,755.9399999999999,50.395999999999994,8,3,6.666666666666667
AT&T CL82213,481.234,131.3247,17,5,27.289156626506028
AT&T CL83451 4-Handset Telephone,1936.306,473.777,10,4,24.46808510638298
AT&T EL51110 DECT,377.97,109.6113,3,1,28.999999999999996
AT&T SB67148 SynJ,475.128,89.74640000000001,8,3,18.888888888888893
AT&T TR1909W,1738.662,340.173,15,4,19.565217391304348
Aastra 57i VoIP phone,3684.708,575.3316,26,7,15.614035087719296
Aastra 6757i CT Wireless VoIP phone,2929.984,482.5856,16,6,16.470588235294116
Acco 3-Hole Punch,137.53199999999998,55.538399999999996,36,9,40.382165605095544
Acco 6 Outlet Guardian Basic Surge Suppressor,38.272,-3.6608,7,2,-9.565217391304348
Acco 6 Outlet Guardian Premium Plus Surge Suppressor,289.456,-113.76719999999999,31,6,-39.303797468354425
Acco 6 Outlet Guardian Premium Surge Suppressor,432.432,60.424,35,8,13.973063973063974
Acco 6 Outlet Guardian Standard Surge Suppressor,149.916,22.971,15,5,15.32258064516129
"Acco 7-Outlet Masterpiece Power Center, Wihtout Fax/Phone Line Protection",3039.5,401.21400000000006,31,7,13.200000000000001
"Acco Banker's Clasps, 5 3/4""-Long",40.896,18.0,15,5,44.01408450704225
"Acco Clips to Go Binder Clips, 24 Clips in Two Sizes",66.03,30.2815,19,5,45.86021505376344
Acco D-Ring Binder w/DublLock,235.18,-102.8378,31,9,-43.72727272727273
"Acco Data Flex Cable Posts For Top & Bottom Load Binders, 6"" Capacity",287.868,64.1445,39,10,22.282608695652172
Acco Economy Flexible Poly Round Ring Binder,11.484,-5.742,6,4,-50.0
Acco Expandable Hanging Binders,38.918,1.0208000000000004,11,4,2.6229508196721323
"Acco Flexible ACCOHIDE Square Ring Data Binder, Dark Blue, 11 1/2"" X 14"" 7/8""",410.004,111.2868,36,10,27.142857142857142
"Acco Four Pocket Poly Ring Binder with Label Holder, Smoke, 1""",122.18,7.449999999999999,28,6,6.097560975609755
Acco Glide Clips,19.6,9.604,5,1,48.99999999999999
Acco Hanging Data Binders,41.910000000000004,8.2296,17,7,19.636363636363633
Acco Hot Clips Clips to Go,67.116,25.497500000000002,23,6,37.990196078431374
"Acco PRESSTEX Data Binder with Storage Hooks, Dark Blue, 14 7/8"" X 11""",175.388,73.8674,37,7,42.11656441717791
"Acco PRESSTEX Data Binder with Storage Hooks, Dark Blue, 9 1/2"" X 11""",62.946,-0.16139999999999866,23,4,-0.2564102564102543
"Acco PRESSTEX Data Binder with Storage Hooks, Light Blue, 9 1/2"" X 11""",67.25,19.6908,17,5,29.28
Acco Perma 2700 Stacking Storage Drawers,208.18,5.948,8,4,2.857142857142857
Acco Perma 3000 Stacking Storage Drawers,373.44399999999996,16.5742,21,6,4.438202247191012
Acco Perma 4000 Stacking Storage Drawers,457.96799999999996,30.044,31,11,6.560283687943263
"Acco Pressboard Covers with Storage Hooks, 14 7/8"" x 11"", Dark Blue",59.817,13.1826,24,5,22.038216560509554
"Acco Pressboard Covers with Storage Hooks, 14 7/8"" x 11"", Executive Red",63.627,-13.906500000000001,37,8,-21.856287425149702
"Acco Pressboard Covers with Storage Hooks, 14 7/8"" x 11"", Light Blue",131.097,18.412499999999998,45,11,14.044943820224717
"Acco Pressboard Covers with Storage Hooks, 9 1/2"" x 11"", Executive Red",91.44,34.8996,28,9,38.166666666666664
"Acco Recycled 2"" Capacity Laser Printer Hanging Data Binders",85.255,8.669999999999998,10,4,10.169491525423727
Acco Side-Punched Conventional Columnar Pads,41.64,-7.8075,15,4,-18.75
"Acco Six-Outlet Power Strip, 4' Cord Length",343.076,81.5452,41,9,23.768844221105525
Acco Smartsocket Color-Coded Six-Outlet AC Adapter Model Surge Protectors,448.902,-7.041599999999996,14,4,-1.5686274509803915
"Acco Smartsocket Table Surge Protector, 6 Color-Coded Adapter Outlets",452.96500000000003,105.48499999999999,8,3,23.287671232876708
Acco Suede Grain Vinyl Round Ring Binder,38.641999999999996,-4.892799999999999,29,8,-12.661870503597122
Acco Translucent Poly Ring Binders,91.728,16.2864,31,8,17.75510204081633
Accohide Poly Flexible Ring Binders,43.758,-19.822000000000003,34,8,-45.2991452991453
"Acme 10"" Easy Grip Assistive Scissors",448.76800000000003,129.722,26,8,28.90625
Acme Box Cutter Scissors,306.9,72.2238,31,6,23.533333333333335
"Acme Design Line 8"" Stainless Steel Bent Scissors w/Champagne Handles, 3-1/8"" Cut",45.144,10.1916,7,3,22.575757575757574
Acme Design Stainless Steel Bent Scissors,88.92,24.0084,13,3,27.0
Acme Elite Stainless Steel Scissors,95.076,21.0168,12,5,22.10526315789474
Acme Forged Steel Scissors with Black Enamel Handles,279.3,67.7768,32,8,24.266666666666666
Acme Galleria Hot Forged Steel Scissors with Colored Handles,195.05200000000002,49.8641,13,3,25.564516129032256
"Acme Hot Forged Carbon Steel Scissors with Nickel-Plated Handles, 3 7/8"" Cut, 8""L",458.7,103.416,36,7,22.545454545454547
Acme Kleen Earth Office Shears,44.232,11.1744,12,5,25.263157894736842
Acme Kleencut Forged Steel Scissors,35.587999999999994,7.462,7,3,20.967741935483875
Acme Office Executive Series Stainless Steel Trimmers,159.402,26.2242,21,7,16.451612903225808
Acme Preferred Stainless Steel Scissors,90.88,26.3552,16,4,29.000000000000004
Acme Rosewood Handle Letter Opener,43.67,-3.4936000000000003,12,3,-8.0
Acme Serrated Blade Letter Opener,13.992,-1.7489999999999999,5,2,-12.499999999999998
Acme Softgrip Scissors,166.056,33.1298,23,4,19.950980392156865
Acme Stainless Steel Office Snips,81.424,12.431700000000001,13,4,15.267857142857144
Acme Tagit Stainless Steel Antibacterial Scissors,196.01999999999998,37.026,22,6,18.888888888888893
Acme Titanium Bonded Scissors,102.0,20.23,13,5,19.833333333333332
Acme Value Line Scissors,76.64999999999999,20.44,22,10,26.66666666666667
Acrylic Self-Standing Desk Frames,93.984,32.7342,37,8,34.82954545454546
"Adams ""While You Were Out"" Message Pads",72.848,31.400000000000002,24,5,43.10344827586207
"Adams Phone Message Book, 200 Message Capacity, 8 1/16 x 11",227.04,104.4384,33,8,46.0
"Adams Phone Message Book, Professional, 400 Message Capacity, 5 3/6 x 11",94.928,43.1364,14,3,45.44117647058824
"Adams Telephone Message Book W/Dividers/Space For Phone Numbers, 5 1/4""X8 1/2"", 200/Messages",172.672,72.70400000000001,32,7,42.10526315789474
"Adams Telephone Message Book W/Dividers/Space For Phone Numbers, 5 1/4""X8 1/2"", 300/Messages",132.888,60.9168,24,10,45.84070796460177
"Adams Telephone Message Book w/Frequently-Called Numbers Space, 400 Messages per Book",223.44,111.72,28,7,50.0
"Adams Telephone Message Books, 5 1/4 x 11",80.936,32.918,15,5,40.67164179104477
"Adams Write n' Stick Phone Message Book, 11"" X 5 1/4"", 200 Messages",40.896,16.3584,8,3,40.0
Adjustable Depth Letter/Legal Cart,7730.196,1932.549,45,11,25.0
Adjustable Personal File Tote,270.24800000000005,53.3984,18,5,19.75903614457831
Adtran 1202752G1,1990.6419999999998,312.4552,18,5,15.69620253164557
"Advantus 10-Drawer Portable Organizer, Chrome Metal Frame, Smoke Drawers",1051.7759999999998,277.2864,18,4,26.363636363636367
"Advantus Employee of the Month Certificate Frame, 11 x 13-1/2",822.738,311.7744,28,5,37.89473684210527
Advantus Map Pennant Flags and Round Head Tacks,87.69,20.54,25,6,23.423423423423422
Advantus Motivational Note Cards,227.94,94.32000000000001,20,5,41.379310344827594
Advantus Panel Wall Acrylic Frame,87.52,25.162,20,5,28.749999999999996
Advantus Panel Wall Certificate Holder - 8.5x11,270.84,108.092,23,6,39.90990990990991
Advantus Plastic Paper Clips,225.0,102.8,47,10,45.68888888888889
Advantus Push Pins,54.936,20.2086,27,7,36.78571428571429
"Advantus Push Pins, Aluminum Head",139.44,43.2264,24,5,31.0
Advantus Rolling Drawer Organizers,1115.92,233.18880000000001,31,6,20.896551724137932
Advantus Rolling Storage Box,428.75,90.7235,27,10,21.16
Advantus SlideClip Paper Clips,46.376000000000005,19.778,15,3,42.647058823529406
Advantus T-Pin Paper Clips,64.042,20.0244,16,5,31.267605633802813
Airmail Envelopes,1359.6660000000002,514.4909,19,6,37.839506172839506
Akro Stacking Bins,91.524,-6.9432,13,6,-7.586206896551724
Akro-Mils 12-Gallon Tote,113.202,21.548099999999998,13,4,19.035087719298243
"Alliance Big Bands Rubber Bands, 12/Pack",29.7,0.0,15,4,0.0
Alliance Rubber Bands,13.440000000000001,0.5376000000000001,8,2,4.0
"Alliance Super-Size Bands, Assorted Sizes",197.61200000000002,-10.3474,27,4,-5.2362204724409445
Alphabetical Labels for Top Tab Filing,518.0,244.2,37,9,47.14285714285714
Aluminum Document Frame,244.39999999999998,56.211999999999996,22,5,23.0
Aluminum Screw Posts,354.032,41.202,41,11,11.637931034482758
AmazonBasics 3-Button USB Wired Mouse,88.074,32.2938,14,5,36.666666666666664
American Pencil,48.93,14.189699999999998,21,6,28.999999999999996
Ames Color-File Green Diamond Border X-ray Mailers,1360.476,559.3068000000001,18,4,41.111111111111114
Ampad #10 Peel & Seel Holiday Envelopes,53.760000000000005,25.8048,12,3,48.0
"Ampad Evidence Wirebond Steno Books, 6"" x 9""",27.468,11.2924,14,4,41.111111111111114
"Ampad Gold Fibre Wirebound Steno Books, 6"" x 9"", Gregg Ruled",106.72200000000001,47.187,25,8,44.21487603305784
"Ampad Phone Message Book, Recycled, 400 Message Capacity, 5 ¾ x 11",124.8,56.16,20,5,44.99999999999999
"Ampad Poly Cover Wirebound Steno Book, 6"" x 9"" Assorted Colors, Gregg Ruled",38.135999999999996,15.663,9,4,41.07142857142858
Anderson Hickey Conga Table Tops & Accessories,51.782,-17.514499999999998,5,2,-33.8235294117647
"Angle-D Binders with Locking Rings, Label Holders",197.82999999999998,35.332,42,10,17.85977859778598
Angle-D Ring Binders,39.384,-1.9691999999999992,14,6,-4.999999999999998
Anker 24W Portable Micro USB Car Charger,61.544,14.0672,8,2,22.857142857142858
Anker 36W 4-Port USB Wall Charger Travel Power Adapter for iPhone 5s 5c 5,339.83,23.1884,22,6,6.8235294117647065
Anker Astro 15000mAh USB Portable Charger,599.88,-23.995199999999997,13,5,-3.9999999999999996
Anker Astro Mini 3000mAh Ultra-Compact Portable Charger,147.926,-31.984,9,4,-21.621621621621625
Anker Ultra-Slim Mini Bluetooth 3.0 Wireless Keyboard,499.75,99.55019999999999,26,5,19.919999999999998
Anker Ultrathin Bluetooth Wireless Keyboard Aluminum Cover with Stand ,491.836,32.989000000000004,17,4,6.707317073170732
Apple EarPods with Remote and Mic,251.91,50.382,10,4,20.0
Apple iPhone 5,12996.600000000002,1611.5784,24,6,12.399999999999999
Apple iPhone 5C,1339.866,229.977,15,4,17.16417910447761
Apple iPhone 5S,4901.914000000001,512.991,11,4,10.465116279069765
Array Memo Cubes,54.908,25.848200000000002,11,3,47.075471698113205
"Array Parchment Paper, Assorted Colors",106.288,49.504000000000005,15,4,46.57534246575344
Artistic Insta-Plaque,156.8,61.152,10,3,38.99999999999999
Assorted Color Push Pins,34.39,8.923300000000001,21,8,25.947368421052637
Astroparche Fine Business Paper,144.672,65.0496,29,6,44.96350364963504
"Ativa D5772 2-Line 5.8GHz Digital Expandable Corded/Cordless Phone System with Answering & Caller ID/Call Waiting, Black/Silver",1979.88,593.964,12,4,30.0
Ativa MDM8000 8-Sheet Micro-Cut Shredder,917.8979999999999,393.2563,11,2,42.84313725490196
Ativa V4110MDD Micro-Cut Shredder,7699.89,3772.9461,11,2,49.0
"Atlantic Metals Mobile 2-Shelf Bookcases, Custom Colors",400.0268,-113.2606,3,2,-28.313253012048197
"Atlantic Metals Mobile 3-Shelf Bookcases, Custom Colors",7539.7122,780.3302,35,8,10.349601938386984
"Atlantic Metals Mobile 4-Shelf Bookcases, Custom Colors",5184.081,-126.44099999999996,27,6,-2.4390243902439015
"Atlantic Metals Mobile 5-Shelf Bookcases, Custom Colors",5492.885,15.049,26,8,0.273972602739726
Avanti 1.7 Cu. Ft. Refrigerator,2221.56,476.6256,24,4,21.454545454545457
Avanti 4.4 Cu. Ft. Refrigerator,3511.012,383.6776,24,7,10.92783505154639
Avaya 4621SW VoIP phone,709.92,79.866,12,4,11.25
Avaya 5410 Digital phone,625.508,-10.878400000000003,13,4,-1.739130434782609
Avaya 5420 Digital phone,1538.886,323.976,12,3,21.05263157894737
Avaya IP Phone 1140E VoIP phone,1394.95,362.687,5,1,26.0
"Avery 05222 Permanent Self-Adhesive File Folder Labels for Typewriters, on Rolls, White, 250/Roll",20.65,9.498999999999999,5,2,46.0
"Avery 3 1/2"" Diskette Storage Pages, 10/Pack",137.808,-14.4072,27,6,-10.454545454545455
"Avery 4027 File Folder Labels for Dot Matrix Printers, 5000 Labels per Box, White",1233.412,524.5054,43,11,42.524752475247524
Avery 473,248.4,119.232,24,6,48.0
Avery 474,78.336,34.272,30,9,43.75
Avery 475,266.4,133.2,18,4,50.0
Avery 476,137.11599999999999,54.5986,37,10,39.81927710843374
Avery 477,573.9639999999999,244.23999999999998,20,4,42.5531914893617
Avery 478,88.38,43.3062,18,4,49.0
Avery 479,16.704,6.8382,7,3,40.9375
Avery 48,90.72,39.69,15,3,43.75
Avery 480,89.25,42.45,24,6,47.563025210084035
Avery 481,91.168,43.120000000000005,30,5,47.2972972972973
Avery 482,11.56,5.4332,4,2,47.0
Avery 483,83.664,32.569199999999995,19,6,38.92857142857142
Avery 484,9.216,3.3408,4,1,36.25000000000001
Avery 485,639.03,300.3441,51,8,47.00000000000001
Avery 486,168.13,75.1468,24,9,44.69565217391304
Avery 487,84.87,35.9775,25,7,42.39130434782608
Avery 488,51.03,23.183999999999997,17,6,45.432098765432094
Avery 489,159.39,73.278,16,5,45.974025974025984
Avery 49,66.816,31.564799999999998,24,6,47.241379310344826
Avery 490,177.6,81.4,13,5,45.833333333333336
Avery 491,45.43,18.6676,12,3,41.090909090909086
Avery 492,53.568,22.464,20,5,41.935483870967744
Avery 493,55.974000000000004,23.4207,13,4,41.84210526315789
Avery 494,56.376,23.959799999999998,23,6,42.5
Avery 495,97.02,42.588,16,4,43.8961038961039
Avery 496,50.25,22.950000000000003,14,4,45.671641791044784
Avery 497,24.023999999999997,11.211200000000002,8,2,46.66666666666668
Avery 498,35.258,15.3459,13,3,43.52459016393443
Avery 499,176.292,68.724,40,11,38.983050847457626
Avery 5,5.76,2.8224,2,1,49.00000000000001
Avery 50,235.564,102.74600000000001,20,5,43.61702127659575
Avery 500,58.48,27.4856,8,2,47.0
Avery 501,66.42,23.3946,22,8,35.22222222222222
Avery 502,17.64,6.1739999999999995,7,3,35.0
Avery 503,155.25,74.52,15,4,48.0
Avery 505,372.96000000000004,165.76000000000002,28,7,44.44444444444445
Avery 506,66.08,28.166600000000003,17,3,42.62500000000001
Avery 507,24.192,8.64,10,2,35.714285714285715
Avery 508,87.398,39.8201,19,6,45.561797752808985
Avery 509,32.364000000000004,14.041799999999999,13,4,43.38709677419354
Avery 51,95.75999999999999,41.328,16,5,43.15789473684211
Avery 510,21.75,8.100000000000001,7,3,37.24137931034483
Avery 511,56.672,24.64,20,6,43.47826086956522
Avery 512,84.388,35.373599999999996,32,5,41.91780821917808
Avery 513,93.624,34.4616,22,5,36.80851063829787
Avery 514,47.808,22.8384,17,4,47.77108433734939
Avery 515,62.650000000000006,29.445500000000003,5,2,47.0
Avery 516,109.64999999999999,51.535500000000006,15,4,47.00000000000001
Avery 517,44.28,18.8559,13,4,42.58333333333333
Avery 518,106.47,49.14,35,8,46.15384615384615
Avery 519,121.34599999999999,51.6086,18,6,42.53012048192772
Avery 52,68.634,31.475699999999996,19,6,45.86021505376344
Avery 520,46.620000000000005,22.05,15,5,47.29729729729729
"Avery Address/Shipping Labels for Typewriters, 4"" x 2""",277.38,126.684,28,7,45.67164179104478
Avery Arch Ring Binders,1318.87,87.15000000000003,40,10,6.607929515418505
Avery Binder Labels,26.063,9.8806,8,4,37.91044776119403
Avery Binding System Hidden Tab Executive Style Index Sets,91.743,16.733,26,8,18.238993710691826
Avery Durable Binders,87.264,13.824,50,12,15.841584158415841
"Avery Durable Plastic 1"" Binders",116.224,37.5004,34,7,32.265625
Avery Durable Poly Binders,82.95,-15.5946,33,6,-18.8
Avery Durable Slant Ring Binders,51.480000000000004,-23.76,19,5,-46.15384615384615
Avery Durable Slant Ring Binders With Label Holder,90.706,12.456400000000002,36,9,13.732718894009219
"Avery Durable Slant Ring Binders, No Labels",89.55,13.611600000000001,36,9,15.200000000000003
Avery File Folder Labels,113.472,48.8448,44,13,43.045685279187815
"Avery Flip-Chart Easel Binder, Black",239.466,37.8222,17,4,15.794392523364486
Avery Fluorescent Highlighter Four-Color Set,65.464,9.352,24,8,14.285714285714288
"Avery Framed View Binder, EZD Ring (Locking), Navy, 1 1/2""",99.80000000000001,-0.698599999999999,19,6,-0.6999999999999988
Avery Hanging File Binders,105.846,21.8868,26,6,20.677966101694917
Avery Heavy-Duty EZD  Binder With Locking Rings,110.48400000000001,29.239199999999997,28,6,26.464646464646457
Avery Heavy-Duty EZD View Binder with Locking Rings,170.984,29.730800000000002,41,10,17.388059701492537
"Avery Hi-Liter Comfort Grip Fluorescent Highlighter, Yellow Ink",7.8,3.042,4,2,38.99999999999999
"Avery Hi-Liter EverBold Pen Style Fluorescent Highlighters, 4/Pack",219.78,68.376,31,6,31.11111111111111
Avery Hi-Liter Fluorescent Desk Style Markers,20.279999999999998,7.5036000000000005,6,2,37.00000000000001
"Avery Hi-Liter GlideStik Fluorescent Highlighter, Yellow Ink",26.08,9.6496,9,2,37.0
Avery Hi-Liter Pen Style Six-Color Fluorescent Set,7.7,3.157,2,1,41.0
Avery Hi-Liter Smear-Safe Highlighters,123.80799999999999,34.1056,24,6,27.54716981132076
Avery Hidden Tab Dividers for Binding Systems,31.588,-7.032800000000001,24,7,-22.264150943396228
Avery Hole Reinforcements,116.501,14.827399999999999,32,9,12.727272727272727
Avery Legal 4-Ring Binder,258.054,90.214,16,4,34.959349593495936
Avery Metallic Poly Binders,135.80100000000002,43.4334,31,6,31.983122362869192
Avery Non-Stick Binders,217.316,43.553,71,20,20.041322314049587
Avery Non-Stick Heavy Duty View Round Locking Ring Binders,68.172,30.8568,12,3,45.26315789473684
Avery Personal Creations Heavyweight Cards,103.86,37.8512,11,3,36.44444444444444
Avery Poly Binder Pockets,78.044,14.749600000000001,34,8,18.89908256880734
Avery Premier Heavy-Duty Binder with Round Locking Rings,191.352,29.416800000000002,21,7,15.37313432835821
Avery Printable Repositionable Plastic Tabs,115.24000000000001,42.312000000000005,16,6,36.71641791044776
Avery Recycled Flexi-View Covers for Binding Systems,197.169,-69.5702,32,7,-35.28455284552845
Avery Reinforcements for Hole-Punch Pages,28.512,-16.137,41,8,-56.59722222222222
Avery Round Ring Poly Binders,36.919999999999995,12.2972,17,6,33.307692307692314
Avery Self-Adhesive Photo Pockets for Polaroid Photos,143.01,-2.1791999999999967,41,11,-1.5238095238095215
"Avery Trapezoid Extra Heavy Duty 4"" Binders",314.54999999999995,0.0,15,4,0.0
"Avery Trapezoid Ring Binder, 3"" Capacity, Black, 1040 sheets",545.034,85.2384,22,7,15.639097744360903
"Avery Triangle Shaped Sheet Lifters, Black, 2/Pack",25.83,-4.919999999999999,25,6,-19.047619047619044
Avery White Multi-Purpose Labels,95.616,41.832,20,4,43.75
Avoid Verbal Orders Carbonless Minifold Book,68.276,29.9468,21,5,43.86138613861386
BIC Brite Liner Grip Highlighters,24.272,8.938,17,5,36.82432432432433
"BIC Brite Liner Grip Highlighters, Assorted, 5/Pack",118.72,43.7144,29,6,36.82142857142857
BIC Brite Liner Highlighters,86.112,30.8844,23,7,35.86538461538461
"BIC Brite Liner Highlighters, Chisel Tip",123.12,30.5856,21,6,24.842105263157894
BIC Liqua Brite Liner,173.5,53.576800000000006,27,6,30.880000000000003
"BOSTON Model 1800 Electric Pencil Sharpeners, Putty/Woodgrain",496.248,113.274,30,6,22.826086956521742
"BOSTON Ranger #55 Pencil Sharpener, Black",618.562,120.3337,27,9,19.45378151260504
BPI Conference Tables,2241.8675,-795.9725,26,5,-35.50488599348534
Bady BDG101FRU Card Printer,9279.884,1327.9834,14,4,14.310344827586208
Bagged Rubber Bands,25.704,0.3024,21,5,1.1764705882352942
Balt Solid Wood Rectangular Table,828.0965,-216.2545,11,4,-26.11464968152866
Balt Solid Wood Round Tables,6518.754,-1201.0581,19,4,-18.424657534246574
Balt Split Level Computer Training Table,1040.625,-357.97499999999997,12,5,-34.4
Barrel Sharpener,67.83000000000001,17.6358,19,4,25.999999999999996
"Barricks 18"" x 48"" Non-Folding Utility Table with Bottom Storage Shelf",1088.64,-104.832,16,5,-9.629629629629628
"Barricks Non-Folding Utility Table with Steel Legs, Laminate Tops",136.464,15.3522,2,1,11.25
"Belkin 19"" Center-Weighted Shelf, Gray",849.3119999999999,-47.184,16,4,-5.555555555555556
"Belkin 19"" Vented Equipment Shelf, Black",1400.256,-179.6652,31,10,-12.830882352941176
"Belkin 325VA UPS Surge Protector, 6'",1379.172,199.61700000000002,13,4,14.473684210526317
Belkin 5 Outlet SurgeMaster Power Centers,1776.048,207.024,40,10,11.656441717791411
Belkin 6 Outlet Metallic Surge Strip,262.449,28.749599999999997,29,9,10.954356846473027
Belkin 7 Outlet SurgeMaster II,631.68,176.8704,16,3,28.000000000000004
Belkin 7 Outlet SurgeMaster Surge Protector with Phone Protection,157.92,17.766,5,1,11.25
Belkin 7-Outlet SurgeMaster Home Series,106.172,2.794,10,5,2.6315789473684212
Belkin 8 Outlet Surge Protector,1073.676,188.508,30,7,17.55725190839695
Belkin 8 Outlet SurgeMaster II Gold Surge Protector,737.754,89.97,15,5,12.195121951219512
Belkin 8 Outlet SurgeMaster II Gold Surge Protector with Phone Protection,647.84,168.4384,8,1,26.0
Belkin 8-Outlet Premiere SurgeMaster II Surge Protectors,277.92,83.376,4,2,30.0
Belkin F5C206VTEL 6 Outlet Surge,464.196,110.304,22,7,23.762376237623762
Belkin F8E887 USB Wired Ergonomic Keyboard,563.812,66.2779,21,8,11.75531914893617
Belkin F9G930V10-GRY 9 Outlet Surge,770.112,162.57920000000001,16,5,21.111111111111114
Belkin F9H710-06 7 Outlet SurgeMaster Surge Protector,516.216,122.8368,29,8,23.795620437956202
Belkin F9M820V08 8 Outlet Surge,558.74,101.003,15,3,18.076923076923077
Belkin F9S820V06 8 Outlet Surge,266.336,-120.17599999999999,17,4,-45.12195121951219
Belkin Grip Candy Sheer Case / Cover for iPhone 5 and 5S,64.972,12.994399999999999,8,3,20.0
Belkin OmniView SE Rackmount Kit,248.35999999999999,0.0,7,2,0.0
Belkin Premiere Surge Master II 8-outlet surge protector,952.168,55.38120000000001,26,7,5.816326530612245
Belkin QODE FastFit Bluetooth Keyboard,495.6,16.107,9,2,3.2499999999999996
"Belkin SportFit Armband For iPhone 5s/5c, Fuchsia",239.84,79.29709999999999,21,5,33.06249999999999
Belkin Standard 104 key USB Keyboard,265.538,5.1065000000000005,21,6,1.9230769230769231
Belkin iPhone and iPad Lightning Cable,83.944,6.2958,7,2,7.5
Berol Giant Pencil Sharpener,254.85000000000002,49.780699999999996,17,4,19.53333333333333
Bestar Classic Bookcase,1897.8102,-612.9386999999999,31,8,-32.29715489989463
Bevis 36 x 72 Conference Tables,4332.252,448.164,40,8,10.344827586206895
Bevis 44 x 96 Conference Tables,3253.2200000000003,-164.72000000000003,20,5,-5.063291139240507
Bevis Boat-Shaped Conference Table,2542.467,-445.587,15,6,-17.525773195876287
"Bevis Oval Conference Table, Walnut",6942.068,-856.0144,36,8,-12.330827067669173
Bevis Rectangular Conference Tables,1007.262,-586.8396,13,4,-58.2608695652174
"Bevis Round Bullnose 29"" High Table Top",4544.925,-192.18540000000002,24,5,-4.228571428571429
Bevis Round Conference Room Tables and Bases,519.941,-39.4438,4,2,-7.586206896551724
Bevis Round Conference Table Top & Single Column Base,2297.538,100.97460000000001,19,5,4.3949044585987265
"Bevis Round Conference Table Top, X-Base",2671.421,-519.941,20,6,-19.46308724832215
Bevis Steel Folding Chairs,1775.075,117.059,24,6,6.594594594594594
"Bevis Traditional Conference Table Top, Plinth Base",2033.496,-456.7032,9,3,-22.45901639344262
Binder Clips by OIC,36.112,15.3328,27,7,42.459016393442624
Binder Posts,57.4,7.8064,16,6,13.600000000000001
Binding Machine Supplies,667.9929999999999,182.6042,32,9,27.336244541484717
"Binney & Smith Crayola Metallic Colored Pencils, 8-Color Set",88.896,26.854,20,7,30.208333333333332
"Binney & Smith Crayola Metallic Crayons, 16-Color Pack",16.176000000000002,6.739999999999999,5,2,41.66666666666666
"Binney & Smith inkTank Desk Highlighter, Chisel Tip, Yellow, 12/Box",45.15,13.459,22,5,29.809523809523807
"Binney & Smith inkTank Erasable Desk Highlighter, Chisel Tip, Yellow, 12/Box",17.64,5.7456000000000005,8,3,32.57142857142858
"Binney & Smith inkTank Erasable Pocket Highlighter, Chisel Tip, Yellow",25.992,10.6704,12,3,41.05263157894737
Bionaire 99.97% HEPA Air Cleaner,199.72799999999998,17.52,16,4,8.771929824561404
Bionaire Personal Warm Mist Humidifier/Vaporizer,515.79,201.1581,11,3,39.0
Black & Decker Filter for Double Action Dustbuster Cordless Vac BLDV7210,229.88600000000002,53.696,28,6,23.35766423357664
"Black Avery Memo-Size 3-Ring Binder, 5 1/2"" x 8 1/2""",45.507999999999996,15.560799999999999,16,4,34.193548387096776
"Black Print Carbonless 8 1/2"" x 8 1/4"" Rapid Memo Book",64.06400000000001,20.8208,11,4,32.49999999999999
"Black Print Carbonless Snap-Off Rapid Letter, 8 1/2"" x 7""",160.336,65.1365,19,4,40.62499999999999
BlackBerry Q10,3099.354,548.0565,27,6,17.682926829268293
Blackstonian Pencils,49.128,12.6024,19,4,25.652173913043473
Blue Parrot B250XT Professional Grade Wireless Bluetooth Headset with,1229.836,127.483,21,4,10.365853658536587
"Blue String-Tie & Button Interoffice Envelopes, 10 x 13",783.608,299.85,22,7,38.26530612244898
"BlueLounge Milo Smartphone Stand, White/Metallic",335.888,76.7744,12,3,22.857142857142858
Bose SoundLink Bluetooth Speaker,2865.6,967.14,18,5,33.75
Boston 1645 Deluxe Heavier-Duty Electric Pencil Sharpener,1073.112,206.26620000000003,27,7,19.221311475409834
Boston 16701 Slimline Battery Pencil Sharpener,86.076,19.128,6,2,22.222222222222225
Boston 16750 Black Compact Battery Pencil Sharpener,43.75,13.125,5,2,30.0
Boston 16765 Mini Stand Up Battery Pencil Sharpener,102.608,16.324,10,4,15.909090909090908
Boston 16801 Nautilus Battery Pencil Sharpener,444.60200000000003,69.9918,23,6,15.74257425742574
Boston 1730 StandUp Electric Pencil Sharpener,171.04,44.4704,8,3,26.0
Boston 1799 Powerhouse Electric Pencil Sharpener,389.70000000000005,109.116,15,3,27.999999999999996
"Boston 1827 Commercial Additional Cutter, Drive Gear & Gear Rack for 1606",59.489999999999995,17.847,3,2,30.000000000000004
Boston 1900 Electric Pencil Sharpener,14.98,4.494,1,1,30.0
Boston 19500 Mighty Mite Electric Pencil Sharpener,342.55,92.4885,17,4,27.0
"Boston Electric Pencil Sharpener, Model 1818, Charcoal Black",523.59,118.22999999999999,20,8,22.58064516129032
Boston Heavy-Duty Trimline Electric Pencil Sharpeners,1166.44,310.89,25,5,26.65289256198347
Boston Home & Office Model 2000 Electric Pencil Sharpeners,297.99,70.477,13,6,23.65079365079365
Boston KS Multi-Size Manual Pencil Sharpener,533.3679999999999,119.548,25,7,22.413793103448278
"Boston Model 1800 Electric Pencil Sharpener, Gray",405.36,109.785,15,3,27.083333333333332
"Boston School Pro Electric Pencil Sharpener, 1670",873.636,149.9432,32,7,17.163120567375888
BoxOffice By Design Rectangular and Half-Moon Meeting Room Tables,1706.25,-1148.4375,15,3,-67.3076923076923
"Bravo II Megaboss 12-Amp Hard Body Upright, Replacement Belts, 2 Belts per Pack",87.75,20.8325,29,5,23.74074074074074
Bretford CR4500 Series Slim Rectangular Table,7242.768,-532.7613,29,8,-7.355769230769231
Bretford CR8500 Series Meeting Room Furniture,6776.562000000001,461.127,21,6,6.80473372781065
Bretford Rectangular Conference Table Tops,12995.2915,-327.2331,46,12,-2.5180897250361793
Bretford Just In Time Height-Adjustable Multi-Task Work Tables,5634.9,-964.194,17,4,-17.11111111111111
"Brites Rubber Bands, 1 1/2 oz. Box",13.068000000000001,-0.5147999999999999,7,3,-3.9393939393939386
Brother DCP1000 Digital 3 in 1 Multifunction Machine,4859.838,1154.9615000000001,19,7,23.765432098765434
"Brother MFC-9340CDW LED All-In-One Printer, Copier Scanner",341.991,-319.1916,3,1,-93.33333333333333
Brown Kraft Recycled Envelopes,244.512,117.16199999999999,15,5,47.916666666666664
Bulldog Table or Wall-Mount Pencil Sharpener,77.87,22.582299999999996,13,3,28.999999999999993
Bulldog Vacuum Base Pencil Sharpener,330.924,59.5903,31,6,18.007246376811594
Bush Advantage Collection Racetrack Conference Table,9544.725,-1934.3976,33,7,-20.266666666666666
Bush Advantage Collection Round Conference Table,3401.6000000000004,210.47400000000002,19,4,6.1875
"Bush Andora Bookcase, Maple/Graphite Gray Finish",3317.7235,135.58870000000002,34,9,4.0867992766726955
"Bush Andora Conference Table, Maple/Graphite Gray Finish",1436.232,-143.6232,12,4,-10.0
"Bush Birmingham Collection Bookcase, Dark Cherry",825.174,-117.882,9,1,-14.285714285714288
"Bush Cubix Collection Bookcases, Fully Assembled",729.2339999999999,48.6156,4,3,6.666666666666668
"Bush Cubix Conference Tables, Fully Assembled",3603.288,311.82300000000004,19,4,8.653846153846155
"Bush Heritage Pine Collection 5-Shelf Bookcase, Albany Pine Finish, *Special Order",3626.0056,-208.6504,34,8,-5.7542768273716955
Bush Mission Pointe Library,748.8608,24.156800000000004,6,3,3.225806451612904
"Bush Saratoga Collection 5-Shelf Bookcase, Hanover Cherry, *Special Order",119.833,-12.6882,1,1,-10.588235294117647
Bush Somerset Collection Bookcase,1263.9569999999999,-56.3214,12,4,-4.455958549222798
"Bush Westfield Collection Bookcases, Dark Cherry Finish",649.376,-97.4064,14,3,-15.000000000000002
"Bush Westfield Collection Bookcases, Dark Cherry Finish, Fully Assembled",90.882,-190.8522,3,1,-210.0
"Bush Westfield Collection Bookcases, Fully Assembled",1473.2982000000002,73.71539999999999,18,6,5.003427004797805
"Bush Westfield Collection Bookcases, Medium Cherry Finish",1426.8878,-20.293,32,9,-1.4221861032100773
C-Line Cubicle Keepers Polyproplyene Holder With Velcro Backings,137.17,47.7257,31,8,34.79310344827587
"C-Line Cubicle Keepers Polyproplyene Holder w/Velcro Back, 8-1/2x11, 25/Bx",514.556,23.53819999999999,13,4,4.57446808510638
"C-Line Magnetic Cubicle Keepers, Clear Polypropylene",136.344,56.1184,28,7,41.15942028985508
"C-Line Peel & Stick Add-On Filing Pockets, 8-3/4 x 5-1/8, 10/Pack",85.995,15.0969,21,4,17.555555555555554
Cameo Buff Policy Envelopes,1555.75,632.2568,28,8,40.64
"Canon Color ImageCLASS MF8580Cdw Wireless Laser All-In-One Printer, Copier, Scanner",1007.979,43.1991,3,1,4.285714285714286
Canon Image Class D660 Copier,3959.9339999999997,1691.9718,7,2,42.727272727272734
Canon Imageclass D680 Copier / Fax,8959.872,2799.96,16,5,31.25
Canon PC-428 Personal Copier,4119.794,1469.9265,25,6,35.67961165048544
Canon PC1060 Personal Laser Copier,11619.833999999999,4570.9347,19,4,39.337349397590366
Canon PC1080F Personal Copier,5999.9,1973.9670999999998,11,4,32.9
Canon PC170 Desktop Personal Copier,575.82,67.179,6,2,11.666666666666666
Canon PC940 Copier,5669.874,2092.4535,15,3,36.904761904761905
Canon imageCLASS 2200 Advanced Copier,61599.824,25199.928,20,5,40.90909090909091
Canon imageCLASS MF7460 Monochrome Digital Laser Multifunction Copier,3991.98,1995.99,2,1,50.0
Canvas Sectional Post Binders,422.63599999999997,59.06720000000001,28,6,13.975903614457835
Cardinal EasyOpen D-Ring Binders,209.30599999999998,26.506000000000004,40,8,12.663755458515286
"Cardinal HOLDit! Binder Insert Strips,Extra Strips",136.728,4.367700000000001,41,9,3.194444444444445
Cardinal Hold-It CD Pocket,38.304,-12.4488,12,4,-32.5
Cardinal Holdit Business Card Pockets,87.648,22.908,25,8,26.13636363636364
Cardinal Holdit Data Disk Pockets,100.464,38.7296,16,3,38.55072463768116
Cardinal Poly Pocket Divider Pockets for Ring Binders,40.32,12.6,15,4,31.25
"Cardinal Slant-D Ring Binder, Heavy Gauge Vinyl",179.014,5.3877999999999995,37,10,3.009708737864077
Cardinal Slant-D Ring Binders,119.922,46.057,17,5,38.40579710144928
"Career Cubicle Clock, 8 1/4"", Black",194.68800000000002,68.952,10,3,35.416666666666664
"Carina 42""Hx23 3/4""W Media Storage Unit",1635.796,-110.1328,22,8,-6.732673267326733
Carina Double Wide Media Storage Towers in Natural & Black,3028.652,-3.2392000000000003,39,12,-0.10695187165775401
Carina Media Storage Towers in Natural & Black,1073.248,-121.96000000000001,20,5,-11.363636363636363
"Carina Mini System Audio Rack, Model AR050B",2730.108,-68.8076,26,6,-2.5203252032520322
Case Logic 2.4GHz Wireless Keyboard,1229.754,-11.997600000000006,27,8,-0.9756097560975615
Catalog Binders with Expanding Posts,1089.936,-242.20800000000003,36,8,-22.222222222222225
Cherry 142-key Programmable Keyboard,479.72,52.7692,4,1,10.999999999999998
"Chromcraft 48"" x 96"" Racetrack Double Pedestal Table",5098.176,-404.00640000000004,22,6,-7.9245283018867925
"Chromcraft Bull-Nose Wood 48"" x 96"" Rectangular Conference Tables",4297.644,-611.5877999999999,11,6,-14.230769230769228
Chromcraft Bull-Nose Wood Oval Conference Tables & Bases,9917.640000000001,-2876.1156,27,5,-28.999999999999996
"Chromcraft Bull-Nose Wood Round Conference Table Top, Wood Base",3354.89,100.211,18,6,2.987012987012987
Chromcraft Rectangular Conference Tables,4952.673,-450.243,30,9,-9.090909090909092
Chromcraft Round Conference Tables,8209.059,-189.9761,61,13,-2.3142250530785566
Cisco 8961 IP Phone Charcoal,224.937,-164.9538,3,1,-73.33333333333333
Cisco 8x8 Inc. 6753i IP Business Phone System,2645.804,83.6938,26,6,3.1632653061224487
Cisco 9971 IP Video Phone Charcoal,4268.0,466.4,16,2,10.927835051546392
Cisco CP-7937G Unified IP Conference Station Phone,1391.4,-55.656,4,2,-3.9999999999999996
Cisco Desktop Collaboration Experience DX650 IP Video Phone,385.8,130.2075,5,1,33.75
Cisco IP Phone 7961G-GE VoIP phone,2252.4320000000002,-119.119,15,4,-5.288461538461537
Cisco IP Phone 7961G VoIP phone - Dark gray,1386.69,228.39600000000002,12,3,16.470588235294116
Cisco SPA 501G IP Phone,213.48,16.011,3,1,7.5
Cisco SPA 502G IP Phone,2063.14,299.875,21,5,14.534883720930234
Cisco SPA112 2 Port Phone Adapter,516.53,87.37049999999999,11,3,16.914893617021278
Cisco SPA301,4180.532,904.742,30,9,21.641791044776117
Cisco SPA508G,910.662,207.86849999999998,15,5,22.82608695652174
Cisco SPA525G2 5-Line IP Phone,1379.92,648.5624,8,1,47.0
Cisco SPA525G2 IP Phone - Wireless,426.93,43.092,26,5,10.093457943925232
Cisco Small Business SPA 502G VoIP phone,882.102,58.4649,11,4,6.627906976744185
Cisco TelePresence System EX90 Videoconferencing Unit,22638.48,-1811.0784,6,1,-8.0
Cisco Unified IP Phone 7945G VoIP phone,6751.602,102.29699999999998,26,6,1.515151515151515
Clarity 53712,752.2860000000001,68.6296,14,4,9.12280701754386
Classic Ivory Antique Telephone ZL1810,341.666,40.196,4,2,11.76470588235294
Clear Mylar Reinforcing Strips,377.538,90.27269999999999,29,7,23.910891089108908
ClearOne CHATAttach 160 - speaker phone,6695.892,1053.983,13,4,15.74074074074074
ClearOne Communications CHAT 70 OC Speaker Phone,1685.294,273.4628,12,4,16.22641509433962
ClearSounds CSC500 Amplified Spirit Phone Corded phone,1119.84,162.3768,19,6,14.500000000000002
Clearsounds A400,488.326,-48.8326,11,3,-10.0
Col-Erase Pencils with Erasers,37.696,7.478400000000001,7,2,19.83870967741936
Color-Coded Legal Exhibit Labels,14.73,7.2177,3,2,49.0
Colored Envelopes,50.922,19.0404,16,5,37.39130434782609
Colored Push Pins,24.978,7.602,15,5,30.434782608695656
Coloredge Poster Frame,298.2,116.298,21,6,39.0
Colorific Watercolor Pencils,51.6,11.3004,11,3,21.9
"Commercial WindTunnel Clean Air Upright Vacuum, Replacement Belts, Filtration Bags",50.57,1.6338000000000008,17,7,3.230769230769232
Compact Automatic Electric Letter Opener,2982.75,-57.268800000000006,26,8,-1.9200000000000002
"Companion Letter/Legal File, Black",611.712,149.5296,17,5,24.444444444444443
Computer Printout Index Tabs,11.088000000000001,-2.016,15,4,-18.18181818181818
Computer Printout Paper with Letter-Trim Fine Perforations,191.6,91.968,4,1,48.00000000000001
Computer Printout Paper with Letter-Trim Perforations,405.95799999999997,169.2124,24,7,41.68224299065421
"Computer Room Manger, 14""",636.6080000000001,179.2896,22,7,28.163265306122447
"Conquest 14 Commercial Heavy-Duty Upright Vacuum, Collection System, Accessory Kit",546.816,61.5168,12,4,11.25
Contemporary Borderless Frame,36.162,3.6162,6,2,10.0
Contemporary Wood/Metal Frame,193.92,4.847999999999999,18,4,2.5
"Contico 72""H Heavy-Duty Storage System",598.308,-57.372,16,5,-9.58904109589041
"Contract Clock, 14"", Brown",334.096,29.453199999999995,21,5,8.815789473684209
Convenience Packs of Business Envelopes,58.644,24.109199999999998,18,6,41.11111111111111
Crate-A-Files,176.58,31.392,18,7,17.777777777777775
"Crayola Anti Dust Chalk, 12/Pack",59.696,24.660999999999998,35,7,41.3109756097561
Crayola Colored Pencils,120.70400000000001,32.8,40,11,27.173913043478258
Cubify CubeX 3D Printer Double Head Print,11099.963,-8879.9704,9,3,-80.0
Cubify CubeX 3D Printer Triple Head Print,7999.98,-3839.9904,4,1,-48.00000000000001
Cush Cases Heavy Duty Rugged Cover Case for Samsung Galaxy S5 - Purple,65.34,3.9105000000000003,17,6,5.984848484848485
Cyber Acoustics AC-202b Speech Recognition Stereo Headset,119.508,-20.5242,11,5,-17.17391304347826
DAX Black Cherry Wood-Tone Poster Frame,455.456,61.4336,24,8,13.488372093023255
"DAX Charcoal/Nickel-Tone Document Frame, 5 x 7",168.744,48.822,23,7,28.932584269662925
DAX Clear Channel Poster Frame,119.556,27.701999999999998,10,3,23.17073170731707
"DAX Contemporary Wood Frame with Silver Metal Mat, Desktop, 11 x 14 Size",291.45599999999996,97.152,15,5,33.333333333333336
"DAX Copper Panel Document Frame, 5 x 7 Size",171.088,39.7528,18,5,23.235294117647058
DAX Cubicle Frames - 8x10,125.786,20.772,26,5,16.513761467889907
"DAX Cubicle Frames, 8-1/2 x 11",145.69,52.4484,17,4,36.0
"DAX Executive Solid Wood Document Frame, Desktop or Hang, Mahogany, 5 x 7",196.248,55.1004,17,5,28.076923076923077
"DAX Metal Frame, Desktop, Stepped-Edge",161.92,26.1096,11,5,16.125
DAX Natural Wood-Tone Poster Frame,513.712,123.9264,23,5,24.123711340206185
DAX Solid Wood Frames,113.332,33.3157,13,3,29.396551724137932
"DAX Two-Tone Rosewood/Black Document Frame, Desktop, 5 x 7",216.144,73.944,25,8,34.21052631578947
DAX Two-Tone Silver Metal Document Frame,234.784,84.8056,13,6,36.12068965517242
"DAX Value U-Channel Document Frames, Easel Back",175.938,52.4832,36,10,29.830508474576273
DAX Wood Document Frame,477.804,126.316,40,9,26.436781609195403
DAX Wood Document Frame.,159.268,7.6888000000000005,16,4,4.8275862068965525
DIXON Oriole Pencils,44.891999999999996,8.6172,19,6,19.195402298850578
DIXON Ticonderoga Erasable Checking Pencils,94.86,26.784,20,7,28.235294117647058
DMI Arturo Collection Mission-style Design Wood Chair,4619.987999999999,486.15560000000005,37,11,10.522875816993468
DMI Eclipse Executive Suite Bookcases,11046.609,90.17640000000002,27,6,0.8163265306122449
DXL Angle-View Binders with Locking Rings by Samsill,215.109,66.6915,35,10,31.00358422939068
"DXL Angle-View Binders with Locking Rings, Black",124.592,42.0498,26,4,33.75
DYMO CardScan Personal V9 Business Card Scanner,1343.9160000000002,463.971,11,3,34.52380952380952
"Dana Fluorescent Magnifying Lamp, White, 36""",581.172,81.568,14,4,14.035087719298245
Dana Halogen Swing-Arm Architect Lamp,1114.384,288.4288,28,6,25.882352941176475
Dana Swing-Arm Lamps,108.936,-11.214,15,7,-10.294117647058822
"DataProducts Ampli Magnifier Task Lamp, Black,",508.72800000000007,99.5808,21,5,19.574468085106382
Dax Clear Box Frame,96.03,15.364799999999999,14,6,15.999999999999998
Decoflex Hanging Personal Folder File,46.26,12.0276,3,1,26.0
"Decoflex Hanging Personal Folder File, Blue",518.112,124.131,35,9,23.958333333333336
Deflect-O Glasstique Clear Desk Accessories,124.74,37.037,17,3,29.69135802469136
Deflect-o DuraMat Antistatic Studded Beveled Mat for Medium Pile Carpeting,1685.44,244.3888,18,5,14.499999999999998
"Deflect-o DuraMat Lighweight, Studded, Beveled Mat for Low Pile Carpeting",673.87,72.07849999999999,17,6,10.696202531645568
"Deflect-o EconoMat Nonstudded, No Bevel Mat",702.44,123.96,14,3,17.64705882352941
"Deflect-o EconoMat Studded, No Bevel Mat for Low Pile Carpeting",1115.6399999999999,-125.1996,33,9,-11.222222222222223
Deflect-o Glass Clear Studded Chair Mats,1579.3719999999998,318.3616,26,7,20.157480314960633
"Deflect-o RollaMat Studded, Beveled Mat for Medium Pile Carpeting",1623.248,-343.0956,26,6,-21.136363636363637
"Deflect-o SuperTray Unbreakable Stackable Tray, Letter, Black",437.70000000000005,138.3132,18,4,31.599999999999994
Dell Slim USB Multimedia Keyboard,125.0,30.0,5,2,24.0
Deluxe Chalkboard Eraser Cleaner,182.49,76.461,17,5,41.89873417721518
Deluxe Heavy-Duty Vinyl Round Ring Binder,504.24,88.242,33,7,17.5
Deluxe Rollaway Locking File with Drawer,5572.792,1380.7215999999999,14,5,24.77611940298507
Design Ebony Sketching Pencil,13.622,2.3074,11,3,16.93877551020408
Desktop 3-Pocket Hot File,259.68,59.510000000000005,5,2,22.916666666666668
Dexim XPower Skin Super-Thin Power Case for iPhone 5 - Black,467.92,-14.622499999999995,11,3,-3.124999999999999
Digium D40 VoIP phone,3044.164,571.4257,27,9,18.771186440677965
Disposable Triple-Filter Dust Bags,43.7,11.362,10,4,26.0
"Dixon My First Ticonderoga Pencil, #2",95.94,17.0235,19,4,17.74390243902439
"Dixon Prang Watercolor Pencils, 10-Color Set with Brush",110.76,42.8982,27,7,38.730769230769226
Dixon Ticonderoga Core-Lock Colored Pencils,229.572,58.6684,28,7,25.555555555555554
"Dixon Ticonderoga Core-Lock Colored Pencils, 48-Color Set",431.28999999999996,165.206,13,2,38.30508474576271
"Dixon Ticonderoga Erasable Colored Pencil Set, 12-Color",75.348,20.0928,14,2,26.666666666666668
"Dixon Ticonderoga Maple Cedar Pencil, #2",23.332,4.912000000000001,8,3,21.05263157894737
Dixon Ticonderoga Pencils,37.548,9.267800000000001,13,3,24.682539682539684
Document Clip Frames,45.036,16.0128,6,2,35.55555555555555
"Dot Matrix Printer Tape Reel Labels, White, 5000/Box",3322.878,1517.9064,36,8,45.680473372781066
"Dual Level, Single-Width Filing Carts",6574.544,1640.5348,43,9,24.952830188679247
Durable Pressboard Binders,37.239999999999995,15.085999999999999,11,2,40.51020408163266
Easy-staple paper,2504.192,1096.0292,150,46,43.76777818953179
"Eaton Premium Continuous-Feed Paper, 25% Cotton, Letter Size, White, 1000 Shts/Box",1098.504,492.6624,21,10,44.84848484848485
"Eberhard Faber 3 1/2"" Golf Pencils",139.872,28.272000000000002,20,7,20.212765957446805
EcoTones Memo Sheets,52.8,21.6,15,3,40.909090909090914
Economy #2 Pencils,34.58,8.9908,13,4,26.0
Economy Binders,29.952,9.7968,19,4,32.70833333333333
Economy Rollaway Files,3138.8,693.8399999999999,20,7,22.105263157894733
"Eldon ""L"" Workstation Diamond Chairmat",1002.936,-267.4496,19,4,-26.66666666666666
Eldon 100 Class Desk Accessories,36.396,-4.8528,18,4,-13.333333333333334
Eldon 200 Class Desk Accessories,133.136,39.187200000000004,22,7,29.43396226415095
"Eldon 200 Class Desk Accessories, Black",75.36,28.6368,12,2,38.0
"Eldon 200 Class Desk Accessories, Burgundy",135.648,44.588,25,5,32.870370370370374
"Eldon 200 Class Desk Accessories, Smoke",138.16,58.0272,22,4,42.00000000000001
"Eldon 300 Class Desk Accessories, Black",29.7,13.068000000000001,6,2,44.00000000000001
"Eldon 400 Class Desk Accessories, Black Carbon",159.25,47.6,22,6,29.89010989010989
Eldon 500 Class Desk Accessories,197.948,60.470699999999994,17,6,30.548780487804873
Eldon Advantage Chair Mats for Low to Medium Pile Carpets,563.03,56.303000000000004,13,5,10.000000000000002
Eldon Advantage Foldable Chair Mats for Low Pile Carpets,379.4,-48.78,10,3,-12.85714285714286
Eldon Antistatic Chair Mats for Low to Medium Pile Carpets,1431.944,46.3276,14,4,3.2352941176470584
"Eldon Base for stackable storage shelf, platinum",872.256,-52.569,25,7,-6.026785714285715
Eldon Cleatmat Chair Mats for Medium Pile Carpets,344.1,-42.18000000000001,8,4,-12.258064516129034
Eldon Cleatmat Plus Chair Mats for High Pile Carpets,1304.1280000000002,-111.328,20,5,-8.536585365853657
Eldon ClusterMat Chair Mat with Cordless Antistatic Protection,1200.936,-256.56359999999995,18,5,-21.36363636363636
"Eldon Delta Triangular Chair Mat, 52"" x 58"", Clear",546.192,17.447799999999997,17,6,3.194444444444444
Eldon Econocleat Chair Mats for Low Pile Carpets,331.76,39.8112,8,2,12.0
Eldon Executive Woodline II Cherry Finish Desk Accessories,98.13600000000001,-78.5088,6,2,-79.99999999999999
"Eldon Executive Woodline II Desk Accessories, Mahogany",361.87199999999996,50.008700000000005,17,5,13.819444444444448
"Eldon Expressions Desk Accessory, Wood Pencil Holder, Oak",108.08,6.755000000000001,15,4,6.250000000000002
"Eldon Expressions Desk Accessory, Wood Photo Frame, Mahogany",262.752,-7.616000000000003,20,6,-2.898550724637682
Eldon Expressions Mahogany Wood Desk Collection,93.6,23.4,15,2,25.0
"Eldon Expressions Punched Metal & Wood Desk Accessories, Black & Cherry",155.708,20.636,20,5,13.253012048192769
"Eldon Expressions Punched Metal & Wood Desk Accessories, Pewter & Cherry",121.296,21.7056,13,3,17.894736842105264
"Eldon Expressions Wood Desk Accessories, Oak",183.024,10.110600000000002,33,12,5.524193548387098
"Eldon Expressions Wood and Plastic Desk Accessories, Cherry Wood",160.54000000000002,46.5566,23,5,28.999999999999996
"Eldon Expressions Wood and Plastic Desk Accessories, Oak",149.70000000000002,41.916,15,5,27.999999999999996
Eldon File Chest Portable File,79.4,5.955,5,1,7.5
Eldon Fold 'N Roll Cart System,301.96799999999996,63.7488,24,5,21.111111111111114
Eldon Gobal File Keepers,348.22,-0.6055999999999999,24,6,-0.17391304347826084
Eldon Image Series Black Desk Accessories,48.852,17.0568,12,5,34.91525423728813
"Eldon Image Series Desk Accessories, Burgundy",111.18799999999999,28.256800000000002,31,8,25.41353383458647
"Eldon Image Series Desk Accessories, Ebony",180.31,55.822,18,5,30.958904109589042
"Eldon Imàge Series Desk Accessories, Clear",53.46,6.3666,17,3,11.90909090909091
Eldon Jumbo ProFile Portable File Boxes Graphite/Black,36.744,3.6744,3,1,10.0
Eldon Mobile Mega Data Cart  Mega Stackable  Add-On Trays,709.5,205.755,30,6,28.999999999999996
Eldon Pizzaz Desk Accessories,37.464,13.736799999999999,19,4,36.666666666666664
Eldon Portable Mobile Manager,899.304,197.3944,34,9,21.949685534591197
Eldon ProFile File 'N Store Portable File Tub Letter/Legal Size Black,614.0579999999999,127.44600000000001,35,7,20.75471698113208
Eldon Radial Chair Mat for Low to Medium Pile Carpets,775.6120000000001,135.932,20,6,17.525773195876283
"Eldon Regeneration Recycled Desk Accessories, Black",39.688,13.116399999999999,9,3,33.048780487804876
"Eldon Regeneration Recycled Desk Accessories, Smoke",33.756,8.9088,21,5,26.39175257731959
Eldon Shelf Savers Cubes and Bins,300.14,-7.677999999999999,45,8,-2.558139534883721
Eldon Simplefile Box Office,345.832,77.128,30,8,22.302158273381295
"Eldon Spacemaker Box, Quick-Snap Lid, Clear",50.768,9.2852,18,6,18.289473684210524
"Eldon Stackable Tray, Side-Load, Legal, Smoke",155.38,52.8292,17,5,34.0
Eldon Wave Desk Accessories,266.73,98.9996,61,14,37.11603494170134
Electrix 20W Halogen Replacement Bulb for Zoom-In Desk Lamp,168.84,78.256,13,5,46.34920634920635
"Electrix Architect's Clamp-On Swing Arm Lamp, Black",2863.8,627.1722000000001,33,4,21.900000000000002
Electrix Fluorescent Magnifier Lamps & Weighted Base,463.79600000000005,73.0232,11,2,15.744680851063828
Electrix Halogen Magnifier Lamp,2759.06,314.76599999999996,17,6,11.40845070422535
"Electrix Incandescent Magnifying Lamp, Black",117.28,-16.4925,5,2,-14.0625
"Elite 5"" Scissors",179.14,37.18,24,7,20.754716981132077
Embossed Ink Jet Note Cards,284.382,108.336,15,4,38.095238095238095
Enermax Acrylux Wireless Keyboard,2450.16,630.468,29,6,25.731707317073173
Enermax Aurora Lite Keyboard,1641.1499999999999,722.106,21,5,44.00000000000001
Enermax Briskie RF Wireless Keyboard and Mouse Combo,469.402,150.3748,24,5,32.0353982300885
Epson Perfection V600 Photo Scanner,206.991,-172.4925,3,1,-83.33333333333333
Epson TM-T88V Direct Thermal Printer - Monochrome - Desktop,1212.705,-1057.23,10,2,-87.1794871794872
"Epson WorkForce WF-2530 All-in-One Printer, Copier Scanner",279.96,120.3828,4,2,43.00000000000001
Eureka Disposable Bags for Sanitaire Vibra Groomer I Upright Vac,1.624,-4.466,2,1,-275.0
"Eureka Hand Vacuum, Bagless",197.72,55.3616,4,1,28.000000000000004
"Eureka Recycled Copy Paper 8 1/2"" x 11"", Ream",110.16,46.137600000000006,19,6,41.88235294117648
Eureka Sanitaire  Commercial Upright,1524.5320000000002,53.0272,12,3,3.478260869565217
"Eureka Sanitaire  Multi-Pro Heavy-Duty Upright, Disposable Bags",83.904,12.7604,22,5,15.208333333333336
Eureka The Boss Cordless Rechargeable Stick Vac,948.228,241.1354,19,6,25.430107526881724
"Eureka The Boss Lite 10-Amp Upright Vacuum, Blue",1042.08,291.7824,13,4,28.000000000000004
"Eureka The Boss Plus 12-Amp Hard Box Upright Vacuum, Red",1674.4,146.51000000000002,20,6,8.75
Euro Pro Shark Stick Mini Vacuum,170.744,-325.6332,11,3,-190.7142857142857
Euro-Pro Shark Turbo Vacuum,693.952,143.74720000000002,24,6,20.71428571428572
"Executive Impressions 10"" Spectator Wall Clock",258.72,87.9648,22,5,34.0
"Executive Impressions 12"" Wall Clock",176.7,23.3244,14,6,13.200000000000001
"Executive Impressions 13"" Chairman Wall Clock",253.8,72.333,11,3,28.499999999999996
"Executive Impressions 13"" Clairmont Wall Clock",315.372,88.458,20,8,28.048780487804876
"Executive Impressions 13-1/2"" Indoor/Outdoor Wall Clock",56.099999999999994,21.317999999999998,3,2,38.0
"Executive Impressions 14""",377.90999999999997,166.2804,17,4,44.0
"Executive Impressions 14"" Contract Wall Clock",346.788,93.5883,17,7,26.987179487179485
"Executive Impressions 14"" Contract Wall Clock with Quartz Movement",97.812,-1.7783999999999978,8,2,-1.8181818181818161
"Executive Impressions 14"" Two-Color Numerals Wall Clock",308.99199999999996,94.51520000000001,16,6,30.588235294117656
"Executive Impressions 16-1/2"" Circular Wall Clock",58.784,-1.0687999999999995,4,2,-1.8181818181818175
"Executive Impressions 8-1/2"" Career Panel/Partition Cubicle Clock",66.56,18.512,7,2,27.8125
Executive Impressions Supervisor Wall Clock,867.2599999999999,266.072,21,4,30.679611650485437
Faber Castell Col-Erase Pencils,37.164,14.083200000000001,8,5,37.89473684210527
Fashion Color Clasp Envelopes,77.904,36.5175,15,3,46.875
Fellowes 8 Outlet Superior Workstation Surge Protector,759.1220000000001,166.84,20,5,21.978021978021978
Fellowes 8 Outlet Superior Workstation Surge Protector w/o Phone/Fax/Modem Protection,665.6759999999999,43.706,25,5,6.565656565656567
Fellowes Advanced 8 Outlet Surge Suppressor with Phone/Fax Protection,244.288,41.64,10,3,17.045454545454543
Fellowes Advanced Computer Series Surge Protectors,386.75399999999996,100.662,15,6,26.027397260273975
Fellowes Bankers Box Recycled Super Stor/Drawer,1187.56,-30.228800000000003,24,7,-2.545454545454546
Fellowes Bankers Box Staxonsteel Drawer File/Stacking System,2612.196,153.35279999999997,43,8,5.870646766169154
Fellowes Bankers Box Stor/Drawer Steel Plus,1426.308,-12.792000000000003,50,12,-0.8968609865470853
Fellowes Bases and Tops For Staxonsteel/High-Stak Systems,858.8820000000001,201.07160000000002,26,10,23.410852713178297
Fellowes Basic Home/Office Series Surge Protectors,436.12800000000004,58.2802,41,9,13.363095238095237
Fellowes Binding Cases,271.44,71.955,31,5,26.50862068965517
Fellowes Black Plastic Comb Bindings,102.256,-4.415600000000001,34,9,-4.318181818181819
Fellowes Command Center 5-outlet power strip,664.832,-78.016,15,4,-11.73469387755102
Fellowes Desktop Hanging File Manager,201.45000000000002,50.362500000000004,15,4,25.0
Fellowes Econo/Stor Drawers,581.58,-56.2194,7,2,-9.666666666666666
Fellowes High-Stak Drawer Files,3946.656,419.3322,26,8,10.625
Fellowes Mighty 8 Compact Surge Protector,344.59000000000003,67.2964,19,6,19.52941176470588
"Fellowes Mobile File Cart, Black",2300.66,485.00399999999996,40,10,21.08108108108108
Fellowes Neat Ideas Storage Cubes,480.70399999999995,-18.1888,16,7,-3.783783783783784
Fellowes Officeware Wire Shelving,4509.466,-332.371,55,11,-7.370517928286851
Fellowes PB200 Plastic Comb Binding Machine,4181.754,693.5591999999999,38,9,16.585365853658534
Fellowes PB300 Plastic Comb Binding Machine,8070.192,2518.0551,27,6,31.201923076923077
Fellowes PB500 Electric Punch Plastic Comb Binding Machine with Manual Bind,27453.384000000002,7753.039,31,10,28.240740740740737
"Fellowes Personal Hanging Folder Files, Navy",284.716,52.6456,24,4,18.49056603773585
Fellowes Powershred HS-440 4-Sheet High Security Shredder,2541.8360000000002,1092.6795,17,3,42.98780487804878
"Fellowes Premier Superior Surge Suppressor, 10-Outlet, With Phone and Remote",929.48,169.2632,21,7,18.210526315789473
Fellowes Presentation Covers for Comb Binding Machines,133.86,21.825000000000003,14,2,16.304347826086957
Fellowes Recycled Storage Drawers,1287.9479999999999,48.8532,12,3,3.7931034482758625
"Fellowes Smart Surge Ten-Outlet Protector, Platinum",180.66,50.5848,3,1,28.000000000000004
Fellowes Staxonsteel Drawer Files,4829.25,509.9688,26,7,10.56
Fellowes Stor/Drawer Steel Plus Storage Drawers,3397.308,78.25259999999999,37,8,2.3033707865168536
"Fellowes Strictly Business Drawer File, Letter/Legal Size",4479.03,388.746,33,7,8.679245283018867
Fellowes Super Stor/Drawer,477.3,67.71,18,4,14.186046511627906
Fellowes Super Stor/Drawer Files,4006.44,473.3415,27,9,11.814516129032258
Fellowes Superior 10 Outlet Split Surge Protector,867.768,57.09,30,9,6.578947368421052
"Fellowes Twister Kit, Gray/Clear, 3/pkg",182.508,-3.2159999999999975,42,10,-1.7621145374449323
File Shuttle I and Handi-File,262.668,51.42059999999999,13,3,19.576271186440675
"File Shuttle II and Handi-File, Black",1125.148,260.953,34,7,23.19277108433735
First Data FD10 PIN Pad,1722.2,15.800000000000004,24,5,0.9174311926605507
First Data TMFD35 PIN Pad,571.2,119.952,4,2,21.0
"Fiskars 8"" Scissors, 2/Pack",217.224,45.8584,14,4,21.111111111111114
Fiskars Home & Office Scissors,97.68,27.3504,11,3,27.999999999999996
Fiskars Softgrip Scissors,307.44,86.0832,28,7,28.000000000000004
Fiskars Spring-Action Scissors,75.492,13.4208,6,4,17.777777777777775
Flat Face Poster Frame,678.24,120.9528,51,12,17.833333333333332
Flexible Leather- Look Classic Collection Ring Binder,142.05,18.940000000000005,13,6,13.333333333333336
"Floodlight Indoor Halogen Bulbs, 1 Bulb per Pack, 60 Watts",434.56,197.104,24,6,45.35714285714286
Fluorescent Highlighters by Dixon,90.744,22.4472,26,5,24.736842105263158
G.E. Halogen Desk Lamp Bulbs,62.82,22.8944,11,5,36.44444444444444
G.E. Longer-Life Indoor Recessed Floodlight Bulbs,81.00800000000001,25.763199999999998,16,6,31.803278688524582
GBC Binding covers,137.26999999999998,58.9225,11,3,42.9245283018868
"GBC Clear Cover, 8-1/2 x 11, unpunched, 25 covers per pack",136.44,13.644000000000002,15,4,10.000000000000002
GBC DocuBind 200 Manual Binding Machine,4209.799999999999,1052.45,15,4,25.000000000000007
GBC DocuBind 300 Electric Binding Machine,6785.142,494.4212000000001,23,8,7.286821705426358
GBC DocuBind P100 Manual Binding Machine,2954.444,489.6410000000001,27,8,16.57303370786517
GBC DocuBind P400 Electric Binding System,17965.068,-1878.1662000000003,27,6,-10.454545454545457
GBC DocuBind P50 Personal Binding Machine,2264.892,569.422,50,10,25.141242937853107
GBC DocuBind TL200 Manual Binding Machine,4322.814,1592.4978,23,6,36.83937823834197
GBC DocuBind TL300 Electric Binding System,19823.479,2233.5051000000003,37,11,11.266968325791856
GBC Durable Plastic Covers,369.585,14.318999999999997,34,8,3.8743455497382193
GBC Ibimaster 500 Manual ProClick Binding System,19024.5,760.9799999999996,48,9,3.9999999999999982
GBC Imprintable Covers,241.56,39.967200000000005,36,8,16.545454545454547
GBC Instant Index System for Binding Systems,71.928,-12.432,19,5,-17.283950617283953
GBC Instant Report Kit,164.985,3.2349999999999994,50,13,1.96078431372549
"GBC Laser Imprintable Binding System Covers, Desert Sand",146.981,18.408299999999997,17,6,12.524271844660193
GBC Linen Binding Covers,207.566,-82.4068,18,6,-39.701492537313435
GBC Personal VeloBind Strips,156.938,-11.2612,27,7,-7.175572519083969
GBC Plastic Binding Combs,172.692,59.778000000000006,30,10,34.61538461538461
GBC Plasticlear Binding Covers,68.88,-68.4208,23,7,-99.33333333333334
GBC Poly Designer Binding Covers,256.122,102.4488,18,6,40.0
"GBC Pre-Punched Binding Paper, Plastic, White, 8-1/2"" x 11""",310.206,52.447199999999995,31,8,16.907216494845358
GBC Premium Transparent Covers with Diagonal Lined Pattern,780.456,49.51280000000001,67,14,6.344086021505378
"GBC Prepunched Paper, 19-Hole, for Binding Systems, 24-lb",433.789,125.7838,38,7,28.996539792387544
GBC Prestige Therm-A-Bind Covers,1073.903,364.7153,39,10,33.96166134185303
GBC ProClick 150 Presentation Binding System,3222.996,-461.33079999999995,22,5,-14.313725490196077
GBC ProClick Punch Binding System,1573.908,562.3842,31,7,35.731707317073166
GBC ProClick Spines for 32-Hole Punch,66.40899999999999,-13.2818,12,5,-20.000000000000004
GBC Recycled Grain Textured Covers,466.29,107.07400000000001,20,5,22.962962962962965
GBC Recycled Regency Composition Covers,1291.248,451.9368,26,6,35.0
GBC Recycled VeloBinder Covers,487.34400000000005,100.8768,42,8,20.6993006993007
GBC Standard Plastic Binding Systems Combs,55.755,-2.9205000000000014,13,5,-5.23809523809524
GBC Standard Plastic Binding Systems' Combs,108.644,5.023999999999999,30,8,4.624277456647398
"GBC Standard Recycled Report Covers, Clear Plastic Sheets",258.72,-27.1656,51,12,-10.5
GBC Standard Therm-A-Bind Covers,466.004,8.472800000000007,34,12,1.8181818181818195
GBC Therma-A-Bind 250T Electric Binding System,1180.704,413.2464,12,2,35.0
GBC Twin Loop Wire Binding Elements,1041.664,259.584,47,10,24.920127795527158
"GBC Twin Loop Wire Binding Elements, 9/16"" Spine, Black",269.394,-2.2830000000000013,35,9,-0.8474576271186446
GBC VeloBind Cover Sets,342.768,18.527999999999995,42,11,5.405405405405404
GBC VeloBinder Electric Binding Machine,496.018,-411.332,15,4,-82.92682926829269
GBC VeloBinder Manual Binding System,842.166,280.72200000000004,30,8,33.333333333333336
GBC VeloBinder Strips,52.992,-23.808,20,4,-44.927536231884055
"GBC Velobind Prepunched Cover Sets, Regency Series",661.942,-9.24499999999999,33,7,-1.396648044692736
"GBC White Gloss Covers, Plain Front",269.328,31.421600000000005,31,7,11.66666666666667
GBC Wire Binding Combs,184.052,41.5668,26,7,22.58426966292135
GBC Wire Binding Strips,212.65800000000002,-18.409200000000002,14,5,-8.656716417910449
GE 2-Jack Phone Line Splitter,1771.5140000000001,94.75540000000001,11,3,5.348837209302325
GE 30522EE2,1159.9,336.371,10,3,28.999999999999996
GE 30524EE4,5291.7300000000005,838.8371999999999,32,9,15.851851851851851
"GE 4 Foot Flourescent Tube, 40 Watt",98.868,42.2436,7,3,42.727272727272734
"GE 48"" Fluorescent Tube, Cool White Energy Saver, 34 Watts, 30/Box",2699.056,1260.221,29,8,46.69117647058824
GE DSL Phone Line Filter,495.87600000000003,69.9825,15,4,14.11290322580645
"GE General Purpose, Extra Long Life, Showcase & Floodlight Incandescent Bulbs",45.396,14.55,20,7,32.05128205128205
"GE General Use Halogen Bulbs, 100 Watts, 1 Bulb per Pack",163.332,3.141000000000002,15,3,1.9230769230769242
Gear Head AU3700S Headset,189.654,-11.9508,16,3,-6.301369863013698
Geemarc AmpliPOWER60,3415.04,384.192,46,11,11.25
"Geographics Note Cards, Blank, White, 8 1/2"" x 11""",76.092,29.5416,8,3,38.82352941176471
"Global Adaptabilites Bookcase, Cherry/Storm Gray Finish",3447.84,206.87040000000002,8,2,6.000000000000001
Global Adaptabilities Conference Tables,3540.348,354.0348,14,4,10.0
"Global Airflow Leather Mesh Back Chair, Black",3955.676,573.7239999999999,32,9,14.50381679389313
"Global Armless Task Chair, Royal Blue",1396.442,-20.733200000000004,28,8,-1.4847161572052405
Global Chrome Stack Chair,815.864,15.0832,32,6,1.8487394957983194
Global Comet Stacking Arm Chair,6084.144,697.1415,17,5,11.458333333333332
Global Comet Stacking Armless Chair,3528.79,514.366,14,6,14.576271186440678
Global Commerce Series High-Back Swivel/Tilt Chairs,7979.4400000000005,926.1850000000001,33,9,11.607142857142858
Global Commerce Series Low-Back Swivel/Tilt Chairs,4420.056,41.1168,24,7,0.9302325581395349
Global Deluxe High-Back Manager's Chair,8665.194,1558.5910000000001,35,8,17.986798679867988
Global Deluxe High-Back Office Chair in Storm,1087.92,-149.589,10,3,-13.749999999999998
Global Deluxe Office Fabric Chairs,1420.504,229.3922,17,6,16.14864864864865
"Global Deluxe Stacking Chair, Gray",764.7,76.9798,19,7,10.066666666666665
Global Deluxe Steno Chair,1770.54,-216.31380000000001,29,10,-12.217391304347828
Global Enterprise Series Seating High-Back Swivel/Tilt Chairs,2032.35,-460.666,10,4,-22.666666666666668
Global Enterprise Series Seating Low-Back Swivel/Tilt Chairs,207.184,25.898,1,1,12.5
Global Ergonomic Managers Chair,6008.536,785.4532,39,11,13.072289156626507
Global Executive Mid-Back Manager's Chair,4626.582,750.7284000000001,18,6,16.22641509433962
"Global Fabric Manager's Chair, Dark Gray",3150.576,499.851,35,9,15.865384615384615
"Global Geo Office Task Chair, Gray",1757.266,-166.00900000000001,25,7,-9.447004608294932
"Global High-Back Leather Tilter, Burgundy",5436.158,-474.7414,54,14,-8.733031674208144
Global Highback Leather Tilter in Burgundy,2647.809,49.13459999999999,34,9,1.8556701030927831
Global Italian Leather Office Chair,969.252,204.3288,8,2,21.08108108108108
"Global Leather & Oak Executive Chair, Burgundy",1689.968,-114.6764,13,5,-6.785714285714286
Global Leather Executive Chair,5861.532999999999,701.98,21,7,11.976047904191619
"Global Leather Highback Executive Chair with Pneumatic Height Adjustment, Black",5989.204,267.3034,39,10,4.4630872483221475
"Global Leather Task Chair, Black",1448.839,63.8929,19,8,4.409937888198757
"Global Leather and Oak Executive Chair, Black",6410.874,854.7832000000001,26,8,13.333333333333336
Global Low Back Tilter Chair,1746.9540000000002,-246.3912,21,8,-14.104046242774565
"Global Manager's Adjustable Task Chair, Storm",2959.208,493.7046,23,6,16.683673469387756
"Global Push Button Manager's Chair, Indigo",2185.951,283.7474,44,9,12.980501392757663
"Global Stack Chair with Arms, Black",803.464,125.0166,31,7,15.559701492537311
"Global Stack Chair without Arms, Black",901.506,44.166000000000004,44,7,4.89913544668588
Global Super Steno Chair,2389.902,-1.7763568394002505e-15,30,7,-7.432760169246481e-17
"Global Task Chair, Black",463.099,-80.4062,12,5,-17.36263736263736
Global Troy Executive Leather Low-Back Tilter,12975.382,951.8620000000001,32,9,7.335907335907336
"Global Value Mid-Back Manager's Chair, Gray",1978.925,197.89249999999998,39,10,10.0
"Global Value Steno Chair, Gray",2204.862,245.99699999999999,43,10,11.157024793388429
"Global Wood Trimmed Manager's Task Chair, Khaki",4166.884,-503.1194,59,14,-12.074235807860262
Globe Weis Peel & Seel First Class Envelopes,375.73199999999997,164.862,30,7,43.87755102040817
Google Nexus 5,3815.788,710.9605,23,5,18.632075471698116
"Gould Plastics 18-Pocket Panel Bin, 34w x 5-1/4d x 20-1/2h",2299.75,-172.9412,28,10,-7.5200000000000005
"Gould Plastics 9-Pocket Panel Bin, 18-3/8w x 5-1/4d x 20-1/2h, Black",953.82,-63.587999999999994,20,6,-6.666666666666665
Grandstream GXP1160 VoIP phone,803.692,157.70559999999998,24,6,19.622641509433958
Grandstream GXP2100 Mainstream Business Phone,596.6220000000001,45.894000000000005,10,4,7.6923076923076925
Great White Multi-Use Recycled Paper (20Lb. and 84 Bright),169.832,64.584,32,8,38.02816901408451
Green Bar Computer Printout Paper,857.376,380.8728,17,5,44.42307692307692
"Green Canvas Binder for 8-1/2"" x 14"" Sheets",569.24,162.64000000000001,19,5,28.571428571428577
Griffin GC17055 Auxiliary Audio Cable,395.78,46.0544,27,6,11.636363636363638
Griffin GC36547 PowerJolt SE Lightning Charger,175.422,17.992,10,3,10.256410256410257
Grip Seal Envelopes,7.072,2.3868,2,1,33.75
GuestStacker Chair with Chrome Finish Legs,9070.944,773.2608,31,8,8.524590163934427
HON 5400 Series Task Chairs for Big and Tall,21870.576,5.684341886080802e-14,39,8,2.599081929109138e-16
"HP Designjet T520 Inkjet Large Format Printer - 24"" Color",18374.895,4094.9766,12,3,22.285714285714285
HP Office Paper (20Lb. and 87 Bright),86.84,38.2096,14,2,44.0
HP Office Recycled Paper (20Lb. and 87 Bright),106.352,50.343799999999995,19,4,47.33695652173912
"HP Officejet Pro 8600 e-All-In-One Printer, Copier, Scanner, Fax",449.97,47.9968,4,2,10.666666666666666
HP Standard 104 key PS/2 Keyboard,275.5,58.0,20,6,21.052631578947366
HTC One,1119.888,125.9874,14,4,11.25
HTC One Mini,2041.038,317.4948,19,4,15.555555555555555
Hammermill Color Copier Paper (28Lb. and 96 Bright),29.97,13.4865,3,2,45.0
Hammermill CopyPlus Copy Paper (20Lb. and 84 Bright),32.868,15.0894,7,3,45.90909090909091
Hand-Finished Solid Wood Document Frame,260.14799999999997,68.46000000000001,8,3,26.315789473684216
Hanging Personal Folder File,251.2,51.025,17,5,20.3125
Harbour Creations 67200 Series Stacking Chairs,1501.8980000000001,254.8244,24,8,16.96682464454976
Harbour Creations Steel Folding Chair,2389.125,336.375,34,8,14.079422382671481
Harmony Air Purifier,1946.7,374.22,13,5,19.223300970873787
Harmony HEPA Quiet Air Purifiers,128.7,37.44,12,4,29.09090909090909
Heavy-Duty E-Z-D Binders,176.74200000000002,9.055299999999997,29,8,5.123456790123455
Hewlett Packard 310 Color Digital Copier,4199.86,839.972,16,6,20.0
Hewlett Packard 610 Color Digital Copier / Printer,8899.822,3124.9375,21,7,35.11235955056179
Hewlett Packard LaserJet 3310 Copier,18839.686,6983.8836,38,8,37.07006369426751
Hewlett-Packard 300S Scientific Calculator,131.1,60.306,10,2,46.0
Hewlett-Packard Deskjet 3050a All-in-One Color Inkjet Printer,3040.0,1459.2,8,1,48.00000000000001
Hewlett-Packard Deskjet 5550 Printer,597.132,49.761,3,1,8.333333333333334
Hewlett-Packard Deskjet 6540 Color Inkjet Printer,1396.21,139.621,6,2,10.0
Hewlett-Packard Deskjet D4360 Printer,447.968,139.99,4,1,31.25
Hewlett-Packard Deskjet F4180 All-in-One Color Ink-jet - Printer / copier / scanner,101.994,-71.3958,2,1,-70.0
Hewlett-Packard Desktjet 6988DT Refurbished Printer,3404.5,1668.205,5,1,49.0
High Speed Automatic Electric Letter Opener,17030.311999999998,-262.00480000000005,11,3,-1.538461538461539
High-Back Leather Manager's Chair,4770.633,-197.5848,42,9,-4.141689373297003
Holmes 99% HEPA Air Purifier,333.564,86.8566,17,4,26.03896103896104
"Holmes Cool Mist Humidifier for the Whole House with 8-Gallon Output per Day, Extended Life Filter",147.26,48.754999999999995,9,4,33.108108108108105
Holmes HEPA Air Purifier,239.58,41.382,14,6,17.27272727272727
Holmes Harmony HEPA Air Purifier for 17 x 20 Room,675.12,290.3016,3,1,43.0
Holmes Odor Grabber,357.616,67.774,30,8,18.951612903225808
"Holmes Replacement Filter for HEPA Air Cleaner, Large Room",151.062,47.9844,12,4,31.76470588235294
"Holmes Replacement Filter for HEPA Air Cleaner, Medium Room",203.94,87.6942,18,4,43.0
"Holmes Replacement Filter for HEPA Air Cleaner, Very Large Room, HEPA Filter",1383.0810000000001,381.2074,26,10,27.562189054726367
"Holmes Visible Mist Ultrasonic Humidifier with 2.3-Gallon Output per Day, Replacement Filter",47.544000000000004,10.188,5,2,21.428571428571427
Home/Office Personal File Carts,980.232,198.132,30,7,20.21276595744681
Hon 2090 Pillow Soft Series Mid Back Swivel/Tilt Chairs,5282.424,-989.0496,24,6,-18.72340425531915
Hon 2111 Invitation Series Corner Table,3140.55,-401.9904,18,4,-12.8
Hon 2111 Invitation Series Straight Table,2040.054,-115.30739999999999,18,7,-5.652173913043478
"Hon 30"" x 60"" Table with Locking Drawer",1296.028,-177.3512,6,3,-13.684210526315791
Hon 4-Shelf Metal Bookcases,1474.308,-191.86200000000002,22,4,-13.013698630136988
Hon 4060 Series Tables,1231.56,96.2856,13,4,7.818181818181818
Hon 4070 Series Pagoda Armless Upholstered Stacking Chairs,8430.997,1388.6348,34,8,16.47058823529412
Hon 4070 Series Pagoda Round Back Stacking Chairs,5906.032,1052.8144,21,7,17.82608695652174
Hon 4700 Series Mobuis Mid-Back Task Chairs with Adjustable Arms,7582.374,832.9932000000001,24,6,10.985915492957748
Hon 5100 Series Wood Tables,5965.09,-238.60360000000003,26,7,-4.0
Hon 61000 Series Interactive Training Tables,653.121,-148.3962,22,9,-22.72108843537415
Hon 94000 Series Round Tables,7404.5,-681.2139999999999,30,5,-9.2
Hon Comfortask Task/Swivel Chairs,1686.904,-36.473600000000005,18,6,-2.1621621621621623
Hon Deluxe Fabric Upholstered Stacking Chairs,2586.1879999999996,-48.796,15,4,-1.886792452830189
"Hon Deluxe Fabric Upholstered Stacking Chairs, Rounded Back",10637.528,1927.442,51,12,18.11926605504587
"Hon Deluxe Fabric Upholstered Stacking Chairs, Squared Back",1268.696,73.194,7,2,5.769230769230769
Hon Every-Day Chair Series Swivel Task Chairs,967.84,12.097999999999999,10,3,1.25
Hon Every-Day Series Multi-Task Chairs,6748.482,281.96999999999997,43,10,4.178272980501392
Hon GuestStacker Chair,6936.102,1233.0848,34,9,17.77777777777778
"Hon Metal Bookcases, Black",1570.0775999999998,-26.972399999999993,30,5,-1.717902350813743
"Hon Metal Bookcases, Gray",851.76,229.9752,12,2,27.0
"Hon Metal Bookcases, Putty",1320.228,362.70779999999996,19,5,27.473118279569885
Hon Mobius Operator's Chair,2705.7799999999997,499.3394,23,5,18.454545454545457
Hon Multipurpose Stacking Arm Chairs,6584.64,814.416,36,6,12.368421052631579
Hon Non-Folding Utility Tables,3775.647,541.654,29,5,14.345991561181433
Hon Olson Stacker Chairs,5427.99,1292.1264,22,4,23.80487804878049
Hon Olson Stacker Stools,5294.456,833.5952,44,10,15.74468085106383
Hon Pagoda Stacking Chairs,6483.796,1540.704,22,4,23.762376237623762
"Hon Practical Foundations 30 x 60 Training Table, Light Gray/Charcoal",4334.8275,430.0695,22,6,9.921259842519685
Hon Racetrack Conference Tables,3963.901,-598.5228,22,6,-15.099337748344372
Hon Rectangular Conference Tables,3481.515,-295.815,20,4,-8.49673202614379
Hon Valutask Swivel Chairs,1242.054,139.3524,13,4,11.21951219512195
Honeywell Enviracaire Portable Air Cleaner for up to 8 x 10 Room,299.20799999999997,-177.22320000000002,9,2,-59.23076923076924
Honeywell Enviracaire Portable HEPA Air Cleaner for 16' x 20' Room,3855.1800000000003,1503.5202,14,3,38.99999999999999
Honeywell Enviracaire Portable HEPA Air Cleaner for 17' x 22' Room,11304.44,3247.02,40,8,28.723404255319146
Honeywell Enviracaire Portable HEPA Air Cleaner for up to 10 x 16 Room,1320.166,417.0244,12,3,31.588785046728972
Honeywell Quietcare HEPA Air Cleaner,1761.76,549.7635,23,6,31.205357142857142
Hoover Commercial Lightweight Upright Vacuum,18.096,-2.5056000000000003,8,2,-13.846153846153847
Hoover Commercial Lightweight Upright Vacuum with E-Z Empty Dirt Cup,1023.3520000000001,-9.303200000000004,6,3,-0.9090909090909094
Hoover Commercial Soft Guard Upright Vacuum And Disposable Filtration Bags,91.68599999999999,-10.4118,18,4,-11.35593220338983
Hoover Commercial SteamVac,168.392,35.308,14,4,20.967741935483872
Hoover Portapower Portable Vacuum,61.824,1.3439999999999994,18,4,2.1739130434782603
Hoover Replacement Belt for Commercial Guardsman Heavy-Duty Upright Vacuum,9.768,0.4439999999999999,6,4,4.545454545454544
"Hoover Replacement Belts For Soft Guard & Commercial Ltweight Upright Vacs, 2/Pk",56.09,3.4759999999999995,18,5,6.197183098591548
Hoover Shoulder Vac Commercial Portable Vacuum,5009.48,715.64,16,6,14.285714285714288
Hoover Upright Vacuum With Dirt Cup,6832.908,460.35269999999986,31,6,6.737288135593218
Hoover WindTunnel Plus Canister Vacuum,3051.3,697.44,9,3,22.857142857142858
"Hot File 7-Pocket, Floor Stand",8138.232,2016.711,49,13,24.780701754385966
"Howard Miller 11-1/2"" Diameter Brentwood Wall Clock",681.454,256.1922,17,4,37.594936708860764
"Howard Miller 11-1/2"" Diameter Grantwood Wall Clock",500.308,101.7868,14,6,20.344827586206897
"Howard Miller 11-1/2"" Diameter Ridgewood Wall Clock",1184.232,448.76160000000004,24,6,37.89473684210527
"Howard Miller 12"" Round Wall Clock",479.33799999999997,127.2996,14,2,26.55737704918033
Howard Miller 12-3/4 Diameter Accuwave DS  Wall Clock,786.9,147.9372,14,2,18.8
"Howard Miller 13"" Diameter Goldtone Round Wall Clock",1042.068,294.3138,27,6,28.243243243243242
"Howard Miller 13"" Diameter Pewter Finish Round Wall Clock",1047.7359999999999,340.5142,27,7,32.50000000000001
"Howard Miller 13-1/2"" Diameter Rosebrook Wall Clock",949.026,247.57199999999997,17,5,26.08695652173913
"Howard Miller 13-3/4"" Diameter Brushed Chrome Round Wall Clock",1324.8,201.82500000000002,31,9,15.234375000000004
"Howard Miller 14-1/2"" Diameter Chrome Round Wall Clock",1636.864,375.9672,29,7,22.96875
"Howard Miller 16"" Diameter Gallery Wall Clock",575.46,107.41919999999999,12,4,18.666666666666664
Howard Miller Distant Time Traveler Alarm Clock,531.948,192.2142,21,6,36.134020618556704
"Hunt BOSTON Model 1606 High-Volume Electric Pencil Sharpener, Beige",1113.024,111.3024,8,1,10.000000000000002
"Hunt BOSTON Vista Battery-Operated Pencil Sharpener, Black",83.952,15.857600000000001,8,4,18.888888888888893
Hunt Boston Vacuum Mount KS Pencil Sharpener,671.808,153.95600000000002,20,5,22.916666666666668
"Hunt PowerHouse Electric Pencil Sharpener, Blue",1617.9479999999999,448.164,44,10,27.699530516431924
Hypercom P1300 Pinpad,1108.8,275.31,21,7,24.829545454545457
I Need's 3d Hello Kitty Hybrid Silicone Case Cover for HTC One X 4g with 3d Hello Kitty Stylus Pen Green/pink,542.984,95.2016,52,10,17.53303964757709
I.R.I.S IRISCard Anywhere 5 Card Scanner,350.973,152.0883,3,1,43.333333333333336
"IBM Multi-Purpose Copy Paper, 8 1/2 x 11"", Case",458.504,185.88,16,6,40.54054054054054
Ibico Covers for Plastic or Wire Binding Elements,184.0,57.5,20,7,31.25
Ibico EB-19 Dual Function Manual Binding System,3234.913,1086.3772,23,8,33.582887700534755
Ibico EPK-21 Electric Binding System,15875.916000000001,3345.2823,13,3,21.07142857142857
Ibico Hi-Tech Manual Binding System,5398.323,-304.99,34,11,-5.649717514124294
Ibico Ibimaster 300 Manual Binding System,7985.383,2318.337,28,8,29.03225806451613
Ibico Laser Imprintable Binding System Covers,1100.4,138.336,34,8,12.571428571428573
Ibico Plastic Spiral Binding Combs,1100.48,328.928,47,13,29.889502762430936
Ibico Plastic and Wire Spiral Binding Combs,208.221,21.580800000000004,41,9,10.364372469635628
Ibico Presentation Index for Binding Systems,72.038,15.0842,27,7,20.93922651933702
Ibico Recycled Grain-Textured Covers,141.614,3.4540000000000006,8,4,2.439024390243903
Ibico Recycled Linen-Style Covers,749.952,262.4832,24,4,35.0
Ibico Standard Transparent Covers,390.576,104.81280000000001,34,10,26.83544303797468
Iceberg Mobile Mega Data/Printer Cart ,5751.774,1388.6082,49,8,24.14225941422594
"Iceberg Nesting Folding Chair, 19w x 6d x 43h",1589.406,253.8392,31,6,15.970695970695973
"Iceberg OfficeWorks 42"" Round Tables",3457.442,-392.54799999999994,30,7,-11.353711790393012
Ideal Clamps,58.69199999999999,24.8637,33,8,42.36301369863014
Imation Bio 2GB USB Flash Drive Imation Corp,2098.88,881.5296,16,3,42.0
Imation Bio 8GB USB Flash Drive Imation Corp,2659.84,398.976,16,4,15.0
Imation 16GB Mini TravelDrive USB 2.0 Flash Drive,1007.152,342.56419999999997,34,9,34.01315789473684
Imation 30456 USB Flash Drive 8GB,154.56,8.556,23,5,5.535714285714285
Imation 32GB Pocket Pro USB 3.0 Flash Drive - 32 GB - Black - 1 P ...,467.21999999999997,143.76,18,5,30.76923076923077
Imation 8GB Mini TravelDrive USB 2.0 Flash Drive,350.20399999999995,8.7551,13,3,2.5000000000000004
Imation 8gb Micro Traveldrive Usb 2.0 Flash Drive,357.0,23.25,25,8,6.512605042016808
Imation Clip USB flash drive - 8 GB,443.68,1.88,25,7,0.423728813559322
Imation Secure+ Hardware Encrypted USB 2.0 Flash Drive; 16GB,1926.9360000000001,408.744,32,5,21.21212121212121
Imation Secure Drive + Hardware Encrypted USB flash drive - 16 GB,888.966,196.0284,24,6,22.05128205128205
Imation Swivel Flash Drive USB flash drive - 8 GB,54.57599999999999,17.6235,5,2,32.29166666666667
Imation USB 2.0 Swivel Flash Drive USB flash drive - 4 GB - Pink,42.42,8.9082,14,3,21.000000000000004
"Important Message Pads, 50 4-1/4 x 5-1/2 Forms per Pad",54.599999999999994,22.47,15,4,41.15384615384616
"Ink Jet Note and Greeting Cards, 8-1/2"" x 5-1/2"" Card Size",121.392,48.5568,6,3,40.0
Innergie mMini Combo Duo USB Travel Charging Kit,746.834,302.3328,19,6,40.48192771084338
Insertable Tab Indexes For Data Binders,17.49,-4.8336,13,5,-27.636363636363637
Insertable Tab Post Binder Dividers,66.566,-39.699,25,8,-59.63855421686747
"Inter-Office Recycled Envelopes, Brown Kraft, Button-String,10"" x 13"" , 100/Box",197.82,81.326,10,3,41.11111111111111
"Iris 3-Drawer Stacking Bin, Black",284.104,-43.4512,16,3,-15.294117647058824
Iris Project Case,225.036,47.88,30,6,21.27659574468085
"It's Hot Message Books with Stickers, 2 3/4"" x 5""",161.32,59.56999999999999,25,6,36.92660550458715
JBL Micro Wireless Portable Bluetooth Speaker,779.87,14.997499999999995,17,6,1.9230769230769225
JM Magazine Binder,204.72400000000002,50.1904,18,6,24.51612903225806
Jabra BIZ 2300 Duo QD Duo Corded Headset,1727.0639999999999,129.5298,17,4,7.5
Jabra SPEAK 410,3158.064,654.1704,37,9,20.714285714285715
Jabra SPEAK 410 Multidevice Speakerphone,2018.702,10.299500000000009,13,3,0.5102040816326535
Jabra Supreme Plus Driver Edition Headset,2159.82,259.1784,22,5,12.0
Jackery Bar Premium Fast-charging Portable Charger,467.22,192.279,18,4,41.15384615384615
Jawbone JAMBOX Wireless Bluetooth Speaker,2022.272,872.1048000000001,14,3,43.125
Jawbone MINI JAMBOX Wireless Bluetooth Speaker,2027.304,-339.7104,18,5,-16.756756756756754
Jensen SMPS-640 - speaker phone,496.584,88.28160000000001,12,4,17.777777777777782
Jet-Pak Recycled Peel 'N' Seal Padded Mailers,552.706,177.6555,19,4,32.14285714285714
Jiffy Padded Mailers with Self-Seal Closure,29.808,10.8054,2,1,36.25000000000001
KI Adjustable-Height Table,4552.641,-248.48219999999998,74,18,-5.457979225684608
KI Conference Tables,2140.878,-479.2164,44,8,-22.3841059602649
KLD Oscar II Style Snap-on Ultra Thin Side Flip Synthetic Leather Cover Case for HTC One HTC M7,126.36000000000001,36.644400000000005,13,3,28.999999999999996
Kensington 4 Outlet MasterPiece Compact Power Control Center,2488.392,380.5776,36,7,15.294117647058824
Kensington 6 Outlet Guardian Standard Surge Protector,409.6,110.592,20,6,26.999999999999996
Kensington 6 Outlet MasterPiece HOMEOFFICE Power Control Center,812.1600000000001,235.52639999999997,9,2,28.999999999999993
Kensington 6 Outlet SmartSocket Surge Protector,147.528,-36.882000000000005,6,2,-25.000000000000007
Kensington 7 Outlet MasterPiece HOMEOFFICE Power Control Center,2491.28,563.816,21,5,22.631578947368418
Kensington 7 Outlet MasterPiece Power Center,2883.276,229.59420000000003,21,5,7.962962962962965
Kensington 7 Outlet MasterPiece Power Center with Fax/Phone Line Protection,1473.108,311.22,8,4,21.126760563380284
Kensington Expert Mouse Optical USB Trackball for PC or Mac,1690.8220000000001,360.962,20,6,21.34831460674157
Kensington K72356US Mouse-in-a-Box USB Desktop Mouse,321.846,106.176,20,6,32.98969072164948
Kensington Orbit Wireless Mobile Trackball for PC and Mac,1703.7160000000001,357.5404,33,5,20.985915492957744
Kensington SlimBlade Notebook Wireless Mouse with Nano Receiver ,549.89,120.9758,13,4,22.000000000000004
KeyTronic 6101 Series - Keyboard - Black,360.712,127.06899999999999,10,2,35.22727272727273
KeyTronic E03601U1 - Keyboard - Beige,324.0,58.32,18,6,18.0
KeyTronic KT400U2 - Keyboard - Black,148.03199999999998,24.672,15,3,16.666666666666668
KeyTronic KT800P2 - Keyboard - Black,75.1,1.2015999999999998,6,3,1.5999999999999996
Kingston Digital DataTraveler 16GB USB 2.0,477.93,64.7085,57,13,13.539325842696629
Kingston Digital DataTraveler 32GB USB 2.0,355.95,5.4239999999999995,22,7,1.5238095238095237
Kingston Digital DataTraveler 64GB USB 2.0,202.68,16.2144,6,2,8.0
Kingston Digital DataTraveler 8GB USB 2.0,44.03,-2.0229999999999997,9,3,-4.594594594594594
Kleencut Forged Office Shears by Acme United Corporation,9.568,2.2880000000000003,5,2,23.913043478260875
Konftel 250 Conference phone - Charcoal black,2221.596,324.69480000000004,9,4,14.615384615384617
Konica Minolta magicolor 1690MF Multifunction Printer,319.92,118.3704,8,1,37.0
"LF Elite 3D Dazzle Designer Hard Case Cover, Lf Stylus Pen and Wiper For Apple Iphone 5c Mini Lite",261.6,41.856,28,8,16.0
LG Electronics Tone+ HBS-730 Bluetooth Headset,904.5519999999999,133.30239999999998,18,4,14.736842105263156
LG Exalt,1154.326,-212.14640000000003,12,3,-18.37837837837838
LG G2,1499.97,-374.9925,5,1,-25.0
LG G3,1803.108,411.579,10,4,22.826086956521742
Laminate Occasional Tables,2096.168,-206.5342,18,3,-9.852941176470589
Large Capacity Hanging Post Binders,276.945,-19.461000000000006,22,5,-7.027027027027029
Laser & Ink Jet Business Envelopes,198.462,83.226,20,5,41.935483870967744
"Leather Task Chair, Black",1437.484,54.588,19,6,3.79746835443038
Lenovo 17-Key USB Numeric Keypad,367.092,22.433400000000002,13,5,6.1111111111111125
"Lesro Round Back Collection Coffee Table, End Table",2847.7799999999997,-328.59,20,8,-11.538461538461538
"Lesro Sheffield Collection Coffee Table, End Table, Center Table, Corner Table",2298.114,-12.132900000000003,39,9,-0.5279503105590063
Letter Size Cart,4600.092,1252.8822,33,8,27.236024844720497
Letter Size File,341.41999999999996,59.55,10,2,17.441860465116278
Letter Slitter,10.08,0.3024,4,2,3.0
Letter or Legal Size Expandable Poly String Tie Envelopes,36.708,15.0024,16,4,40.869565217391305
"Letter/Legal File Tote with Clear Snap-On Lid, Black Granite",218.416,52.0344,14,4,23.823529411764703
Lexmark 20R1285 X6650 Wireless All-in-One Printer,600.0,218.4,6,2,36.4
Lexmark MX611dhe Monochrome Laser Printer,16829.901,-4589.973,18,4,-27.27272727272727
Lexmark MarkNet N8150 Wireless Print Server,723.51,-506.457,6,2,-70.0
Lexmark S315 Color Inkjet Printer,299.97,34.996500000000005,5,2,11.666666666666666
Lexmark X 9575 Professional All-in-One Color Printer,396.0,190.08,4,1,48.00000000000001
"Lifetime Advantage Folding Chairs, 4/Carton",5212.112,972.6368,27,7,18.661087866108787
"Linden 10"" Round Wall Clock, Black",253.648,41.8672,21,6,16.50602409638554
"Linden 12"" Wall Clock With Oak Frame",101.94,30.582,3,1,30.0
Lock-Up Easel 'Spel-Binder',704.691,39.3714,44,7,5.587044534412955
Logitech 910-002974 M325 Wireless Mouse for Web Scrolling,1409.53,536.2212000000001,52,15,38.04255319148936
"Logitech B530 USB Headset - headset - Full size, Binaural",739.8,64.73249999999999,25,10,8.75
Logitech ClearChat Comfort/USB Headset H390,533.078,160.2163,19,6,30.054945054945055
Logitech Desktop MK120 Mouse and keyboard Combo,778.736,42.536,50,12,5.46218487394958
Logitech G105 Gaming Keyboard,759.936,78.36840000000001,14,5,10.3125
Logitech G13 Programmable Gameboard with LCD Display,1039.87,43.194599999999994,14,4,4.153846153846154
Logitech G19 Programmable Gaming Keyboard,4389.246,729.0612,36,8,16.610169491525422
Logitech G35 7.1-Channel Surround Sound Headset,2157.8340000000003,699.3462,17,6,32.40963855421686
Logitech G430 Surround Sound Gaming Headset with Dolby 7.1 Technology,1247.844,377.5528,17,4,30.256410256410255
Logitech G500s Laser Gaming Mouse with Adjustable Weight Tuning,1399.8,429.7386,21,4,30.700000000000006
Logitech G600 MMO Gaming Mouse,1615.798,540.7324,21,8,33.46534653465346
Logitech G602 Wireless Gaming Mouse,1999.75,515.1356000000001,29,9,25.760000000000005
Logitech G700s Rechargeable Gaming Mouse,2339.766,889.9110000000001,25,9,38.03418803418804
Logitech Illuminated Ultrathin Keyboard with Backlighting,170.97,70.0977,3,1,41.0
Logitech K350 2.4Ghz Wireless Keyboard,1154.664,47.2815,25,5,4.094827586206897
Logitech Keyboard K120,174.24,-19.602,12,3,-11.25
Logitech M510 Wireless Mouse,239.94,52.3869,7,3,21.833333333333332
Logitech Media Keyboard K200,503.856,50.3856,16,4,10.0
Logitech Mobile Speakerphone P710e - speaker phone,1916.716,241.6142,17,5,12.605633802816904
Logitech Trackman Marble Mouse,773.742,286.70439999999996,28,9,37.05426356589147
Logitech Wireless Anywhere Mouse MX for PC and Mac,551.908,89.985,11,3,16.304347826086957
Logitech Wireless Gaming Headset G930,2879.82,763.1523,21,6,26.499999999999996
Logitech Wireless Headset H600 Over-The-Head Design,386.90999999999997,133.269,10,2,34.44444444444445
Logitech Wireless Headset h800,2799.72,719.928,32,6,25.71428571428572
Logitech Wireless Marathon Mouse M705,1409.718,554.889,30,8,39.361702127659576
Logitech Wireless Performance Mouse MX for PC and Mac,1799.82,497.9502,21,7,27.666666666666668
Logitech Wireless Touch Keyboard K400,364.854,53.7285,15,3,14.726027397260275
Logitech diNovo Edge Keyboard,7399.704,1432.4427,31,5,19.35810810810811
Logitech Gaming G510s - Keyboard,2362.7219999999998,676.5204,31,8,28.63309352517986
Logitech Illuminated - Keyboard,1139.81,515.914,20,6,45.26315789473684
Logitech LS21 Speaker System - PC Multimedia - 2.1-CH - Wired,207.896,62.7686,11,6,30.192307692307697
Logitech MX Performance Wireless Mouse,789.822,211.8159,23,7,26.81818181818182
Logitech P710e Mobile Speakerphone,10196.604,1645.3611,41,9,16.136363636363637
Logitech VX Revolution Cordless Laser Mouse for Notebooks (Black),3743.7920000000004,21.598799999999997,22,5,0.5769230769230768
"Logitech Wireless Boombox Speaker - portable - wireless, wired",383.04,148.96,4,2,38.88888888888889
Logitech Z-906 Speaker sys - home theater - 5.1-CH,5609.83,2243.932,17,4,40.0
Longer-Life Soft White Bulbs,115.192,44.7216,44,10,38.82352941176471
Loose Memo Sheets,18.25,8.5775,5,2,47.0
Lumber Crayons,171.39,55.357,19,6,32.298850574712645
Lunatik TT5L-002 Taktik Strike Impact Protection System for iPhone 5,281.658,6.123,6,3,2.1739130434782608
Luxo Adjustable Task Clamp Lamp,1545.816,362.46720000000005,18,4,23.448275862068968
Luxo Economy Swing Arm Lamp,338.98,94.9144,17,5,27.999999999999996
Luxo Professional Combination Clamp-On Lamps,1329.9,345.774,13,5,26.0
Luxo Professional Fluorescent Magnifier Lamp with Clamp-Mount Base,3861.056,289.5791999999999,23,5,7.499999999999997
Luxo Professional Magnifying Clamp-On Fluorescent Lamps,1268.922,106.09020000000001,13,4,8.360655737704919
Macally Suction Cup Mount,279.63,-31.07,26,4,-11.111111111111112
Magna Visual Magnetic Picture Hangers,84.83200000000001,28.0524,19,6,33.06818181818181
Magnifier Swing Arm Lamp,251.76000000000002,65.4576,12,5,25.999999999999996
Manco Dry-Lighter Erasable Highlighter,88.16,27.968,30,7,31.724137931034484
"Manila Recycled Extra-Heavyweight Clasp Envelopes, 6"" x 9""",125.172,52.3746,13,4,41.8421052631579
Martin Yale Chadless Opener Electric Letter Opener,16656.2,-1299.1836,22,6,-7.8
Martin-Yale Premier Letter Opener,236.99200000000002,-12.879999999999999,20,7,-5.434782608695651
"Master Big Foot Doorstop, Beige",152.064,42.768,30,6,28.125
"Master Caster Door Stop, Brown",176.784,49.3776,38,9,27.93103448275862
"Master Caster Door Stop, Gray",47.752,14.224,10,4,29.78723404255319
"Master Caster Door Stop, Large Brown",59.696,14.56,10,3,24.39024390243903
"Master Caster Door Stop, Large Neon Orange",154.336,42.2968,27,7,27.405660377358487
"Master Giant Foot Doorstop, Safety Yellow",83.49,31.5744,12,3,37.81818181818182
Maxell 4.7GB DVD+R 5/Pack,11.682,4.6035,13,5,39.40677966101695
Maxell 4.7GB DVD+RW 3/Pack,264.438,88.4115,17,4,33.43373493975904
Maxell 4.7GB DVD-R,1231.692,411.2262,49,11,33.387096774193544
Maxell 4.7GB DVD-R 5/Pack,19.008,7.3656,21,5,38.75
Maxell 4.7GB DVD-RW 3/Pack,146.55599999999998,41.418,10,4,28.260869565217394
"Maxell 74 Minute CD-R Spindle, 50/Pack",503.28,181.1808,24,5,36.00000000000001
"Maxell 74 Minute CDR, 10/Pack",232.764,72.5676,26,5,31.176470588235293
Maxell CD-R Discs,15.76,3.7036,9,3,23.5
Maxell DVD-RAM Discs,296.64,127.5552,18,3,43.0
"Maxell Pro 80 Minute CD-R, 10/Pack",374.072,122.36,24,4,32.71028037383177
Maxell LTO Ultrium - 800 GB,1086.012,156.4641,41,8,14.407216494845363
Maxell iVDR EX 500GB Cartridge,2755.4,1184.8220000000001,10,2,43.00000000000001
"Mead 1st Gear 2"" Zipper Binder, Asst. Colors",54.474000000000004,-3.891,9,3,-7.142857142857142
Mediabridge Sport Armband iPhone 5s,257.742,-38.961,30,7,-15.11627906976744
"Memo Book, 100 Message Capacity, 5 3/8 x 11",76.836,36.396,12,3,47.36842105263158
"Memorex 25GB 6X Branded Blu-Ray Recordable Disc, 15/Pack",373.78,24.8054,26,5,6.636363636363636
"Memorex 25GB 6X Branded Blu-Ray Recordable Disc, 30/Pack",472.86,-32.2695,17,4,-6.824324324324324
Memorex Froggy Flash Drive 4 GB,136.276,42.4214,14,5,31.129032258064516
Memorex Froggy Flash Drive 8 GB,536.05,189.57,32,8,35.36423841059603
Memorex Micro Travel Drive 16 GB,556.452,126.1611,39,6,22.67241379310345
Memorex Micro Travel Drive 32 GB,379.70399999999995,129.97560000000001,12,5,34.23076923076923
Memorex Micro Travel Drive 4 GB,103.88,37.418,11,3,36.0204081632653
Memorex Micro Travel Drive 8 GB,299.0,113.1,26,8,37.826086956521735
Memorex Mini Travel Drive 16 GB USB 2.0 Flash Drive,718.65,280.2735,45,6,39.0
Memorex Mini Travel Drive 32 GB USB 2.0 Flash Drive,280.0,109.19999999999999,14,2,38.99999999999999
Memorex Mini Travel Drive 4 GB USB 2.0 Flash Drive,13.616,3.5742,2,1,26.25
Memorex Mini Travel Drive 64 GB USB 2.0 Flash Drive,543.6,228.312,15,6,42.0
Memorex Mini Travel Drive 8 GB USB 2.0 Flash Drive,194.54399999999998,53.268,20,5,27.380952380952383
"Message Book, Phone, Wirebound Standard Line Memo, 2 3/4"" X 5""",119.21,52.007,19,5,43.62637362637363
"Message Book, Standard Line ""While You Were Out"", 5 1/2"" X 4"", 200 Sets/Book",51.36,24.139200000000002,6,2,47.0
"Message Book, Wirebound, Four 5 1/2"" X 4"" Forms/Pg., 200 Dupl. Sets/Book",152.144,54.0728,18,6,35.54054054054054
"Metal Folding Chairs, Beige, 4/Carton",685.588,115.7354,23,5,16.88118811881188
Micro Innovations USB RF Wireless Keyboard with Mouse,440.0,84.5,18,6,19.204545454545453
Micro Innovations Wireless Classic Keyboard with Mouse,107.964,9.5968,4,2,8.88888888888889
Micropad Numeric Keypads,291.85400000000004,66.9665,15,4,22.94520547945205
Microsoft Arc Touch Mouse,359.70000000000005,91.124,7,2,25.33333333333333
Microsoft Natural Ergonomic Keyboard 4000,557.814,107.66409999999999,19,5,19.301075268817204
Microsoft Natural Keyboard Elite,1497.0,20.957999999999995,29,4,1.3999999999999997
Microsoft Sculpt Comfort Mouse,1574.03,634.406,42,10,40.304568527918775
Microsoft Wireless Mobile Mouse 4000,591.852,183.954,15,4,31.081081081081084
"Mini 13-1/2 Capacity Data Binder Rack, Pearl",1465.7440000000001,287.914,12,5,19.64285714285714
Mitel 5320 IP Phone VoIP phone,2116.688,211.66879999999998,14,4,9.999999999999998
Mitel MiVoice 5330e IP Phone,7699.72,780.9716,34,9,10.142857142857142
Mobile Personal File Cube,449.664,90.6354,21,5,20.15625
Model L Table or Wall-Mount Pencil Sharpener,402.976,92.10879999999999,24,5,22.857142857142854
Mophie Juice Pack Helium for iPhone,1583.8020000000001,201.57479999999998,24,6,12.727272727272727
Motorla HX550 Universal Bluetooth Headset,419.23,122.60499999999999,15,4,29.245283018867923
Motorola Droid Maxx,2609.826,341.9772,21,4,13.103448275862068
Motorola HK250 Universal Bluetooth Headset,832.238,-91.5002,41,9,-10.994475138121548
Motorola L703CM,4211.73,467.97,32,6,11.111111111111112
Motorola L804,607.068,-13.337100000000003,19,6,-2.1969696969696977
Motorola Moto X,1631.952,142.79579999999999,6,2,8.75
"Multi-Use Personal File Cart and Caster Set, Three Stacking Bins",368.45599999999996,93.15679999999999,11,5,25.28301886792453
Multicolor Computer Printout Paper,1887.3,851.3820000000001,19,5,45.111111111111114
Multimedia Mailers,325.86,149.8956,2,1,46.0
NETGEAR AC1750 Dual Band Gigabit Smart WiFi Router,2623.8360000000002,723.1548,18,5,27.560975609756095
NETGEAR N750 Dual Band Wi-Fi Gigabit Router,1890.0,622.8,22,7,32.95238095238095
NETGEAR RangeMax WNR1000 Wireless Router,59.976,11.9952,3,1,20.0
"Neat Ideas Personal Hanging Folder Files, Black",276.658,58.0176,22,7,20.97087378640777
NeatDesk Desktop Scanner & Digital Filing System,479.988,55.9986,2,1,11.666666666666666
Newell 3-Hole Punched Plastic Slotted Magazine Holders for Binders,51.184000000000005,3.6559999999999993,20,6,7.1428571428571415
Newell 307,19.292,3.5672,12,3,18.49056603773585
Newell 308,8.4,2.1,5,2,25.0
Newell 309,196.35000000000002,34.65,20,5,17.64705882352941
Newell 31,94.99000000000001,23.6236,24,5,24.8695652173913
Newell 310,38.72,7.48,25,7,19.31818181818182
Newell 311,61.438,13.039,30,8,21.22302158273381
Newell 312,234.768,34.456,49,11,14.676616915422889
Newell 313,28.208,4.264,10,3,15.116279069767444
Newell 314,118.296,17.856,24,7,15.09433962264151
Newell 315,145.912,33.787,25,6,23.15573770491803
Newell 316,46.944,8.2152,11,2,17.5
Newell 317,79.96799999999999,13.1712,32,7,16.47058823529412
Newell 318,61.716,14.4004,23,5,23.333333333333332
Newell 319,511.872,123.00800000000001,28,8,24.031007751937985
Newell 32,47.232,11.9808,17,6,25.365853658536587
Newell 320,81.32,9.4588,23,7,11.631578947368421
Newell 321,65.6,14.3664,22,4,21.900000000000002
Newell 322,30.576,6.6612,18,6,21.785714285714285
Newell 323,21.168,3.7632000000000003,14,3,17.777777777777782
Newell 324,263.34000000000003,72.072,23,7,27.368421052631575
Newell 325,128.03,29.736,34,6,23.225806451612904
Newell 326,36.608,7.8671999999999995,23,6,21.490384615384617
Newell 327,39.78,10.7406,18,4,27.0
Newell 328,75.92,19.7392,13,3,26.0
Newell 329,24.272,4.8544,8,2,20.0
Newell 33,47.988,8.37,10,3,17.441860465116278
Newell 330,59.800000000000004,11.1228,11,4,18.599999999999998
Newell 331,75.306,14.6211,17,4,19.415584415584416
Newell 332,67.032,15.5232,24,5,23.157894736842106
Newell 333,86.73599999999999,18.848399999999998,33,11,21.73076923076923
Newell 334,531.712,135.30880000000002,27,6,25.447761194029855
Newell 335,34.56,10.0224,12,4,28.999999999999996
Newell 336,68.48,13.781600000000001,18,4,20.125
Newell 337,10.496,1.1808,4,2,11.25
Newell 338,23.52,6.3504000000000005,8,2,27.0
Newell 339,26.688000000000002,6.116,10,3,22.916666666666664
Newell 34,460.288,93.248,25,7,20.258620689655174
Newell 340,25.92,7.5168,9,2,28.999999999999996
Newell 341,96.72800000000001,26.8356,23,7,27.743362831858402
Newell 342,9.84,2.8536,3,1,29.000000000000004
Newell 343,65.268,13.7592,24,7,21.08108108108108
Newell 344,45.592,8.5624,18,6,18.78048780487805
Newell 345,476.16,94.4384,26,9,19.833333333333332
Newell 346,31.104,8.6112,11,5,27.685185185185183
Newell 347,127.54400000000001,30.3024,32,7,23.758389261744963
Newell 348,65.6,9.7088,24,6,14.800000000000002
Newell 349,42.64,10.0368,14,3,23.538461538461537
Newell 35,93.152,23.288,30,9,25.0
Newell 350,62.32,15.744,20,6,25.263157894736842
Newell 351,82.656,22.107200000000002,26,7,26.746031746031747
Newell Chalk Holder,83.426,36.5918,21,7,43.86138613861386
Nokia Lumia 1020,1439.968,143.9968,4,1,10.0
Nokia Lumia 521 (T-Mobile),515.828,83.972,20,5,16.279069767441857
Nokia Lumia 925,1310.296,284.7374,11,3,21.73076923076923
Nontoxic Chalk,42.944,18.233600000000003,27,8,42.459016393442624
Nortel Business Series Terminal T7208 Digital phone,1000.728,100.0728,9,3,10.0
Nortel Meridian M3904 Professional Digital phone,4434.912,936.2592,32,10,21.111111111111107
Nortel Meridian M5316 Digital phone,2744.87,253.77100000000002,13,4,9.245283018867925
Nortel Networks T7316 E Nt8 B27,1876.524,397.7415,29,6,21.195652173913043
Novimex Fabric Task Chair,1890.3799999999999,-131.107,39,9,-6.935483870967743
Novimex High-Tech Fabric Mesh Task Chair,922.74,-133.4424,16,4,-14.461538461538462
Novimex Swivel Fabric Task Chair,2913.9139999999998,-445.391,25,8,-15.28497409326425
Novimex Turbo Task Chair,1341.5220000000002,-32.6508,22,6,-2.4338624338624335
Nu-Dell EZ-Mount Plastic Wall Frames,19.7,0.7879999999999998,8,2,3.9999999999999996
Nu-Dell Executive Frame,409.536,98.97120000000001,39,6,24.16666666666667
Nu-Dell Float Frame 11 x 14 1/2,170.62,56.0352,22,7,32.8421052631579
Nu-Dell Leatherette Frames,246.64800000000002,81.4512,18,3,33.02325581395348
Nu-Dell Oak Frame,151.656,35.4576,16,3,23.380281690140844
O'Sullivan 2-Door Barrister Bookcase in Odessa Pine,4886.46,566.4674,31,7,11.592592592592592
O'Sullivan 2-Shelf Heavy-Duty Bookcases,723.842,-133.1092,21,6,-18.389261744966444
O'Sullivan 3-Shelf Heavy-Duty Bookcases,1119.195,147.0942,22,5,13.142857142857146
O'Sullivan 4-Shelf Bookcase in Odessa Pine,2740.197,-975.0988,37,7,-35.5849889624724
O'Sullivan 5-Shelf Heavy-Duty Bookcases,540.804,-12.290999999999997,9,4,-2.272727272727272
O'Sullivan Cherrywood Estates Traditional Barrister Bookcase,1072.344,-78.36359999999999,9,2,-7.307692307692307
O'Sullivan Cherrywood Estates Traditional Bookcase,424.90000000000003,27.193599999999996,6,2,6.399999999999999
"O'Sullivan Elevations Bookcase, Cherry Finish",1912.308,-68.1096,18,5,-3.5616438356164384
O'Sullivan Living Dimensions 2-Shelf Bookcases,2970.059,-78.637,28,10,-2.6476578411405294
O'Sullivan Living Dimensions 3-Shelf Bookcases,2904.161,-170.83299999999997,17,4,-5.882352941176469
O'Sullivan Living Dimensions 5-Shelf Bookcases,3420.7704,-755.7516,21,6,-22.093023255813957
O'Sullivan Manor Hill 2-Door Library in Brianna Oak,1646.9180000000001,-285.9484,12,4,-17.36263736263736
O'Sullivan Plantations 2-Door Library in Landvery Oak,2946.3668,-767.7436,22,5,-26.05729877216917
"OIC #2 Pencils, Medium Soft",30.832,8.1404,17,7,26.40243902439024
OIC Binder Clips,128.164,60.144,38,7,46.92737430167598
"OIC Binder Clips, Mini, 1/4"" Capacity, Black",15.623999999999999,7.0804,13,5,45.31746031746032
OIC Bulk Pack Metal Binder Clips,92.136,35.598,30,8,38.63636363636363
"OIC Colored Binder Clips, Assorted Sizes",139.62,59.284800000000004,44,7,42.46153846153846
OIC Stacking Trays,82.832,26.720000000000002,30,6,32.25806451612904
OIC Thumb-Tacks,12.996,5.1414,13,3,39.56140350877193
"Office Impressions End Table, 20-1/2""H x 24""W x 20""D",5801.816,-66.82720000000002,23,5,-1.1518324607329846
Office Impressions Heavy Duty Welded Shelving & Multimedia Storage Drawers,3178.13,-167.27,20,5,-5.2631578947368425
Office Star - Contemporary Swivel Chair with Padded Adjustable Arms and Flex Back,3989.734,425.75960000000003,32,7,10.671378091872793
Office Star - Contemporary Task Swivel Chair,1842.268,155.372,20,6,8.433734939759036
"Office Star - Contemporary Task Swivel chair with 2-way adjustable arms, Plum",694.194,-158.48579999999998,7,2,-22.830188679245282
"Office Star - Contemporary Task Swivel chair with Loop Arms, Charcoal",3680.538,-491.175,35,9,-13.345195729537368
Office Star - Ergonomic Mid Back Chair with 2-Way Adjustable Arms,2207.956,231.6544,13,2,10.491803278688524
Office Star - Ergonomically Designed Knee Chair,1311.876,-42.1096,19,7,-3.2098765432098766
Office Star - Mesh Screen back chair with Vinyl seat,2200.464,-130.98,20,7,-5.952380952380952
Office Star - Mid Back Dual function Ergonomic High Back Chair with 2-Way Adjustable Arms,4185.48,342.88739999999996,31,5,8.192307692307692
Office Star - Professional Matrix Back Chair with 2-to-1 Synchro Tilt and Mesh Fabric Seat,8774.5,1305.6456,28,8,14.88
Office Star - Task Chair with Contemporary Loop Arms,600.4680000000001,47.3096,8,2,7.878787878787878
Office Star Flex Back Scooter Chair with Aluminum Finish Frame,1947.1770000000001,413.649,20,6,21.243523316062173
Office Star Flex Back Scooter Chair with White Frame,1775.68,-228.61880000000002,21,7,-12.875
Okidata B400 Printer,1029.6,115.83,3,2,11.25
Okidata B401 Printer,179.991,-251.9874,3,1,-140.0
Okidata C331dn Printer,3210.8,111.68,12,5,3.4782608695652173
Okidata C610n Printer,2011.9,-292.04999999999995,5,2,-14.516129032258062
Okidata MB491 Multifunction Printer,2844.2999999999997,-434.13,9,2,-15.263157894736842
Okidata MB760 Printer,7834.4,881.37,7,2,11.25
Ooma Telo VoIP Home Phone System,2015.8400000000001,314.975,18,5,15.625
OtterBox Commuter Series Case - Samsung Galaxy S4,384.846,-55.977599999999995,18,4,-14.545454545454545
OtterBox Commuter Series Case - iPhone 5 & 5s,285.87,102.91319999999999,16,4,35.99999999999999
OtterBox Defender Series Case - Samsung Galaxy S4,689.77,122.959,27,8,17.82608695652174
OtterBox Defender Series Case - iPhone 5c,133.128,3.6979999999999995,5,2,2.7777777777777777
PNY Rapid USB Car Charger - Black,9.588,-2.0774,2,1,-21.666666666666668
"Padded Folding Chairs, Black, 4/Carton",1830.148,80.97999999999999,30,8,4.424778761061947
Panasonic Business Telephones KX-T7736,546.06,163.818,3,1,30.000000000000004
Panasonic KP-150 Electric Pencil Sharpener,573.648,126.8064,16,4,22.105263157894736
Panasonic KP-310 Heavy-Duty Electric Pencil Sharpener,197.82,59.346000000000004,9,2,30.000000000000004
Panasonic KP-350BK Electric Pencil Sharpener with Auto Stop,124.488,26.2808,4,3,21.11111111111111
Panasonic KP-380BK Classic Electric Pencil Sharpener,705.208,111.538,22,6,15.816326530612246
Panasonic KP-4ABK Battery-Operated Pencil Sharpener,234.24,67.92960000000001,16,4,29.000000000000004
Panasonic KX - TS880B Telephone,453.41999999999996,122.4234,11,3,27.0
Panasonic KX MB2061 Multifunction Printer,2396.4,179.73,10,1,7.5
Panasonic KX MC6040 Color Laser Multifunction Printer,1619.82,-22.497500000000002,5,2,-1.388888888888889
Panasonic KX T7731-B Digital phone,659.934,75.9924,8,3,11.515151515151516
Panasonic KX T7736-B Digital phone,1259.58,134.95499999999998,10,5,10.714285714285714
Panasonic KX TS208W Corded phone,1283.538,154.8084,32,6,12.061068702290077
Panasonic KX TS3282B Corded phone,590.328,44.2746,9,3,7.5
Panasonic KX TS3282W Corded phone,1665.804,178.47899999999998,25,7,10.714285714285712
Panasonic KX-TG6844B Expandable Digital Cordless Telephone,1135.028,75.2286,22,7,6.627906976744185
Panasonic KX-TG9471B,4978.146000000001,1168.1004,27,7,23.464566929133856
Panasonic KX-TG9541B DECT 6.0 Digital 2-Line Expandable Cordless Phone With Digital Answering System,3059.7960000000003,1147.4235,25,5,37.5
Panasonic Kx-TS550,846.216,95.1993,23,7,11.249999999999998
Park Ridge Embossed Executive Business Envelopes,62.28,29.2716,4,1,47.0
Pastel Pink Envelopes,65.52,31.4496,9,3,48.00000000000001
PayAnywhere Card Reader,199.8,17.4825,25,5,8.75
Peel & Seel Envelopes,62.856,26.5392,18,4,42.22222222222222
"Peel & Seel Recycled Catalog Envelopes, Brown",264.024,113.48400000000001,26,6,42.982456140350884
Peel & Stick Add-On Corner Pockets,38.016,4.32,30,7,11.363636363636365
Peel-Off China Markers,287.97,109.4286,31,7,37.99999999999999
Pencil and Crayon Sharpener,29.346,3.7668,16,4,12.835820895522387
Penpower WorldCard Pro Card Scanner,91.475,-1.8295,1,1,-2.0
"Performers Binder/Pad Holder, Black",611.054,106.514,36,8,17.431192660550458
"Perixx PERIBOARD-512B, Ergonomic Split Keyboard",419.88,29.391599999999997,12,3,6.999999999999999
"Perma STOR-ALL Hanging File Box, 13 1/8""W x 12 1/4""D x 10 1/2""H",180.596,16.8038,33,8,9.304635761589402
Permanent Self-Adhesive File Folder Labels for Typewriters by Universal,44.37,19.000799999999998,18,6,42.8235294117647
"Permanent Self-Adhesive File Folder Labels for Typewriters, 1 1/8 x 3 1/2, White",153.72,55.062000000000005,29,6,35.81967213114755
Personal Creations Ink Jet Cards and Labels,321.44,157.5056,28,4,48.99999999999999
Personal File Boxes with Fold-Down Carry Handle,177.612,37.392,12,5,21.05263157894737
"Personal Filing Tote with Lid, Black/Gray",459.096,112.9128,31,8,24.594594594594597
"Personal Folder Holder, Ebony",145.73000000000002,35.872,14,6,24.61538461538461
Petty Cash Envelope,231.856,94.36,10,3,40.69767441860465
Pizazz Global Quick File,353.29200000000003,94.6104,24,6,26.779661016949152
Plantronics 81402,844.672,112.18299999999999,15,4,13.28125
Plantronics Audio 478 Stereo USB Headset,1619.676,514.897,34,9,31.790123456790127
Plantronics Audio 995 Wireless Stereo Headset,1913.13,587.1329999999999,18,4,30.689655172413786
"Plantronics CS 50-USB - headset - Convertible, Monaural",1468.692,178.1469,13,5,12.12962962962963
Plantronics CS510 - Over-the-Head monaural Wireless Headset System,10822.36,3085.0325000000003,35,10,28.50609756097561
Plantronics Calisto P620-M USB Wireless Speakerphone System,2508.672,505.6542,14,4,20.15625
Plantronics Cordless Phone Headset with In-line Volume - M214C,908.7,219.8355,27,6,24.19230769230769
Plantronics Encore H101 Dual Earpieces Headset,746.17,163.618,18,7,21.927710843373493
Plantronics HL10 Handset Lifter,2227.008,250.5384,24,3,11.25
Plantronics MX500i Earset,618.48,-6.4425,15,7,-1.0416666666666665
Plantronics S12 Corded Telephone Headset System,2242.032,754.5300000000001,23,6,33.65384615384615
Plantronics Savi W720 Multi-Device Wireless Headset System,9367.289999999999,3696.2819999999997,24,7,39.45945945945946
Plantronics Single Ear Headset,29.925,-21.945,5,1,-73.33333333333333
Plantronics Voyager Pro HD - Bluetooth Headset,1221.812,376.942,25,5,30.85106382978724
Plantronics Voyager Pro Legend,1359.534,173.0316,8,3,12.727272727272727
Plastic Binding Combs,269.67,84.9915,23,5,31.516853932584272
Plastic Stacking Crates & Casters,35.712,2.6784,8,4,7.499999999999998
Plymouth Boxed Rubber Bands by Plymouth,77.244,-3.297,18,5,-4.2682926829268295
Poly Designer Cover & Back,451.962,106.344,35,7,23.52941176470588
Poly String Tie Envelopes,68.136,30.293999999999997,35,11,44.461077844311376
Polycom CX300 Desktop Phone USB VoIP phone,1679.8880000000001,59.99600000000001,15,5,3.571428571428572
Polycom CX600 IP Phone VoIP phone,4619.2300000000005,896.8505000000001,17,4,19.415584415584416
Polycom SoundPoint IP 450 VoIP phone,3839.62,162.6192,22,6,4.23529411764706
Polycom SoundPoint Pro SE-225 Corded phone,1903.8400000000001,276.0568,19,4,14.499999999999998
Polycom SoundStation2 EX Conference phone,3968.5099999999998,518.336,12,4,13.061224489795919
Polycom VVX 310 VoIP phone,6227.654,899.95,40,8,14.45086705202312
Polycom VoiceStation 500 Conference phone,3657.38,339.1925,15,5,9.274193548387096
Portable Personal File Box,224.66400000000002,55.3113,19,6,24.619565217391305
Portfile Personal File Boxes,99.11999999999999,7.434,7,2,7.500000000000001
"Post-it Important Message Note Pad, Neon Colors, 50 Sheets/Pad",62.608000000000004,28.537599999999998,9,2,45.5813953488372
PowerGen Dual USB Car Charger,127.87200000000001,52.3476,14,4,40.93749999999999
Prang Colored Pencils,90.55199999999999,38.808,32,7,42.85714285714286
Prang Drawing Pencil Set,100.08,27.0772,39,11,27.055555555555554
Prang Dustless Chalk Sticks,38.976,18.816,24,8,48.275862068965516
Premier Automatic Letter Opener,2836.366,-427.8586,14,5,-15.084745762711865
Premier Electric Letter Opener,2641.6079999999997,-7.105427357601002e-15,24,8,-2.689811416985791e-16
"Premier Elliptical Ring Binder, Black",526.612,-201.51279999999997,46,9,-38.26589595375722
Premium Transparent Presentation Covers by GBC,753.182,284.0692,43,10,37.71587743732591
"Premium Transparent Presentation Covers, No Pattern/Clear, 8 1/2"" x 11""",698.04,90.7452,29,7,13.0
"Premium Writing Pencils, Soft, #2 by Central Association for the Blind",81.652,19.4296,29,7,23.795620437956206
"Pressboard Covers with Storage Hooks, 9 1/2"" x 11"", Light Blue",102.619,-11.882200000000001,44,12,-11.578947368421053
"Pressboard Data Binder, Crimson, 12"" X 8 1/2""",33.108000000000004,7.1556,9,3,21.61290322580645
Pressboard Data Binders by Wilson Jones,99.324,22.9086,27,8,23.06451612903226
Pressboard Hanging Data Binders for Unburst Sheets,112.66799999999999,-10.135200000000001,48,10,-8.995633187772928
Presstex Flexible Ring Binders,92.82,24.569999999999997,30,8,26.47058823529412
Prestige Round Ring Binders,85.728,18.0576,21,8,21.063829787234045
Prismacolor Color Pencil Set,436.48,155.54559999999998,24,7,35.63636363636363
Project Tote Personal File,193.61399999999998,44.1945,15,4,22.826086956521742
PureGear Roll-On Screen Protector,571.7139999999999,218.2908,34,5,38.18181818181819
Pyle PMP37LED,3590.026,576.8999,43,10,16.06951871657754
Pyle PRT45 Retro Home Telephone,201.568,22.6764,4,1,11.25
QVS USB Car Charger 2-Port 2.1Amp for iPod/iPhone/iPad/iPad 2/iPad 3,79.22999999999999,29.537499999999998,13,5,37.28070175438597
Quality Park Security Envelopes,240.764,88.19290000000001,11,4,36.630434782608695
"Quartet Alpha White Chalk, 12/Pack",15.469999999999999,6.0996,8,2,39.42857142857143
"Quartet Omega Colored Chalk, 12/Pack",80.592,34.164,15,7,42.39130434782609
RCA H5401RE1 DECT 6.0 4-Line Cordless Handset With Caller ID/Call Waiting,239.97,2.3997,3,1,1.0
RCA ViSYS 25423RE1 Corded phone,159.984,13.9986,2,1,8.75
RCA ViSYS 25425RE1 Corded phone,323.976,36.4473,3,1,11.249999999999998
RCA ViSYS 25825 Wireless digital phone,727.944,90.993,7,2,12.5
RCA Visys Integrated PBX 8-Line Router,1085.238,130.63049999999998,19,5,12.037037037037035
"REDIFORM Incoming/Outgoing Call Register, 11"" X 8 1/2"", 100 Messages",281.892,127.602,37,8,45.26627218934912
"RSVP Cards & Envelopes, Blank White, 8-1/2"" X 11"", 24 Cards/25 Envelopes/Set",89.408,38.2524,19,6,42.784090909090914
Razer Kraken 7.1 Surround Sound Over Ear USB Gaming Headset,2619.738,995.9004,29,6,38.01526717557252
Razer Kraken PRO Over Ear PC and Music Headset,2159.73,479.94,30,8,22.22222222222222
Razer Tiamat Over Ear 7.1 Surround Sound PC Gaming Headset,5119.744000000001,2155.8922000000002,26,7,42.109375
"Recycled Data-Pak for Archival Bound Computer Printouts, 12-1/2 x 12-1/2 x 16",1857.252,414.918,20,6,22.340425531914896
"Recycled Desk Saver Line ""While You Were Out"" Book, 5 1/2"" X 4""",268.5,123.51,30,5,46.0
Recycled Easel Ring Binders,308.844,21.634000000000004,35,9,7.004830917874398
Recycled Eldon Regeneration Jumbo File,235.77599999999998,58.944,20,6,25.000000000000007
"Recycled Interoffice Envelopes with Re-Use-A-Seal Closure, 10 x 13",68.28,23.0445,5,2,33.75
"Recycled Interoffice Envelopes with String and Button Closure, 10 x 13",259.092,115.152,12,5,44.44444444444445
Recycled Premium Regency Composition Covers,110.01599999999999,39.880799999999994,9,3,36.25
Recycled Pressboard Report Cover with Reinforced Top Hinge,69.768,13.759799999999998,34,8,19.722222222222218
Recycled Steel Personal File for Hanging File Folders,1053.032,151.65949999999998,21,6,14.402173913043478
Recycled Steel Personal File for Standard File Folders,1072.626,254.334,20,4,23.711340206185568
"Redi-Strip #10 Envelopes, 4 1/8 x 9 1/2",93.22,39.53,35,7,42.40506329113924
"Rediform S.O.S. 1-Up Phone Message Bk, 4-1/4x3-1/16 Bk, 1 Form/Pg, 40 Messages/Bk, 3/Pk",196.98000000000002,94.5504,21,5,47.99999999999999
Rediform S.O.S. Phone Message Books,19.92,9.7608,4,1,48.99999999999999
Rediform Voice Mail Log Books,29.204,12.1584,11,2,41.63265306122449
"Rediform Wirebound ""Phone Memo"" Message Book, 11 x 5-3/4",110.01599999999999,43.7772,17,5,39.79166666666667
Regeneration Desk Collection,35.904,15.206399999999999,21,5,42.35294117647058
Revere Boxed Rubber Bands by Revere,48.006,-5.707800000000001,29,6,-11.889763779527561
Ricoh - Ink Collector Unit for GX3000 Series Printers,465.64500000000004,36.916,14,3,7.927927927927926
Riverleaf Stik-Withit Designer Note Cubes,136.816,55.33,15,5,40.44117647058824
"Riverside Furniture Oval Coffee Table, Oval End Table, End Table with Drawer",4446.175,-1147.4,25,5,-25.806451612903224
Riverside Furniture Stanwyck Manor Table Series,917.9200000000001,-415.9325,5,3,-45.31249999999999
"Riverside Palais Royal Lawyers Bookcase, Royale Cherry Finish",15610.9656,-669.5448000000001,24,5,-4.288939051918737
Rogers Deluxe File Chest,443.99600000000004,-34.7284,22,8,-7.821782178217822
Rogers Handheld Barrel Pencil Sharpener,75.62400000000001,15.618,30,7,20.652173913043477
"Rogers Jumbo File, Granite",317.77200000000005,-4.8888,24,7,-1.538461538461538
Rogers Profile Extra Capacity Storage Tub,518.9399999999999,4.687199999999999,32,7,0.9032258064516128
Rosewill 107 Normal Keys USB Wired Standard Keyboard,105.14399999999999,0.8087999999999997,9,3,0.769230769230769
Round Ring Binders,29.952,-0.9152000000000005,28,6,-3.0555555555555567
Round Specialty Laser Printer Labels,421.008,162.0129,39,6,38.48214285714286
Rubber Band Ball,58.344,-0.29920000000000013,16,4,-0.5128205128205131
"Rubbermaid ClusterMat Chairmats, Mat Size- 66"" x 60"", Lip 20"" x 11"" -90 Degree Angle",2064.228,-173.12879999999998,24,5,-8.387096774193548
"Rush Hierlooms Collection 1"" Thick Stackable Bookcases",2487.759,410.352,15,4,16.49484536082474
Rush Hierlooms Collection Rich Wood Bookcases,489.37919999999997,-70.8312,4,2,-14.473684210526317
SAFCO Arco Folding Chair,11572.78,1179.374,53,13,10.1909307875895
SAFCO Boltless Steel Shelving,4704.696,-470.4696,46,10,-10.0
"SAFCO Commercial Wire Shelving, 72h",1445.2640000000001,-24.496,24,5,-1.6949152542372878
"SAFCO Commercial Wire Shelving, Black",4199.456,-635.444,35,10,-15.131578947368421
SAFCO Folding Chair Trolley,705.32,151.3232,6,3,21.454545454545453
"SAFCO Mobile Desk Side File, Wire Frame",1240.04,259.12559999999996,31,8,20.89655172413793
SAFCO Optional Arm Kit for Workspace Cribbage Stacking Chair,245.088,14.9184,12,5,6.086956521739131
"SAFCO PlanMaster Boards, 60w x 37-1/2d, White Melamine",2979.004,54.71640000000002,26,5,1.836734693877552
"SAFCO PlanMaster Heigh-Adjustable Drafting Table Base, 43w x 30d x 30-37h, Black",3739.115,608.043,14,5,16.261682242990656
SANFORD Liquid Accent Tank-Style Highlighters,14.2,4.402,5,3,31.0
SANFORD Major Accent Highlighters,209.56799999999998,77.88,30,7,37.16216216216217
"SKILCRAFT Telephone Shoulder Rest, 2"" x 6.5"" x 2.5"", Black",56.164,13.0064,8,3,23.157894736842103
Sabrent 4-Port USB 2.0 Hub,96.418,29.197,15,4,30.28169014084507
"Safco Chair Connectors, 6/Carton",881.192,170.8512,26,4,19.388646288209607
Safco Commercial Shelving,483.704,-7.441599999999999,11,5,-1.5384615384615383
Safco Contoured Stacking Chairs,5697.76,870.16,27,8,15.271966527196652
Safco Drafting Table,638.8199999999999,34.0704,12,4,5.333333333333334
Safco Industrial Shelving,827.12,-104.1285,13,5,-12.589285714285714
Safco Industrial Wire Shelving,1363.058,-126.7068,16,5,-9.295774647887324
Safco Industrial Wire Shelving System,2511.0480000000002,-218.352,30,8,-8.695652173913043
Safco Steel Mobile File Cart,683.552,120.872,9,5,17.682926829268293
"Safco Value Mate Series Steel Bookcases, Baked Enamel Finish on Steel, Gray",858.858,-9.93719999999999,17,6,-1.1570247933884286
"Safco Value Mate Steel Bookcase, Baked Enamel Finish on Steel, Black",802.074,106.47,14,3,13.274336283185843
"Safco Wire Cube Shelving System, For Use as 4 or 5 14"" Cubes, Black",406.784,14.301,13,4,3.515625
Samsung Convoy 3,688.138,-31.077199999999998,9,2,-4.516129032258064
Samsung Galaxy Mega 6.3,13943.668,1822.7566,39,6,13.072289156626507
Samsung Galaxy Note 2,4507.902,-128.79719999999998,14,2,-2.8571428571428568
Samsung Galaxy Note 3,2155.902,153.993,13,3,7.142857142857142
Samsung Galaxy S III - 16GB - pebble blue (T-Mobile),7139.796,83.99760000000003,28,6,1.1764705882352946
Samsung Galaxy S4,6134.701999999999,438.193,13,5,7.142857142857144
Samsung Galaxy S4 Active,3999.92,1039.9792,8,2,26.0
Samsung Galaxy S4 Mini,6109.87,1104.4765,15,5,18.076923076923077
Samsung HM1900 Bluetooth Headset,491.68,195.355,27,7,39.732142857142854
Samsung Replacement EH64AVFWE Premium Headset,104.5,17.875,21,5,17.105263157894736
Samsung Rugby III,1385.79,229.6452,24,8,16.57142857142857
SanDisk Cruzer 16 GB USB Flash Drive,107.912,14.924,10,3,13.82978723404255
SanDisk Cruzer 32 GB USB Flash Drive,361.38,102.708,20,6,28.421052631578945
SanDisk Cruzer 4 GB USB Flash Drive,25.96,5.5165,5,2,21.25
SanDisk Cruzer 64 GB USB Flash Drive,1184.032,319.61600000000004,34,9,26.99386503067485
SanDisk Cruzer 8 GB USB Flash Drive,27.168,-1.3584,4,1,-5.0
SanDisk Ultra 16 GB MicroSDHC Class 10 Memory Card,329.946,-48.5826,31,7,-14.724409448818895
SanDisk Ultra 32 GB MicroSDHC Class 10 Memory Card,884.0,38.012,44,11,4.300000000000001
SanDisk Ultra 64 GB MicroSDHC Class 10 Memory Card,927.768,37.9905,25,6,4.094827586206897
Sanford 52201 APSCO Electric Pencil Sharpener,565.3860000000001,140.9368,14,4,24.927536231884055
"Sanford Colorific Colored Pencils, 12/Box",73.152,20.735999999999997,26,5,28.346456692913378
"Sanford Colorific Eraseable Coloring Pencils, 12 Count",45.919999999999995,17.875999999999998,15,4,38.92857142857143
"Sanford Colorific Scented Colored Pencils, 12/Pack",47.080000000000005,14.5948,11,2,30.999999999999993
"Sanford EarthWrite Recycled Pencils, Medium Soft, #2",29.4,8.232,14,3,27.999999999999996
Sanford Liquid Accent Highlighters,149.632,48.630399999999995,24,5,32.49999999999999
Sanford Pocket Accent Highlighters,22.4,9.632,14,3,43.0
"Sanford Prismacolor Professional Thick Lead Art Pencils, 36-Color Set",209.664,49.7952,7,3,23.75
"Sanford Uni-Blazer View Highlighters, Chisel Tip, Yellow",30.799999999999997,13.552,14,3,44.0
"Sanitaire Vibra Groomer IR Commercial Upright Vacuum, Replacement Belts",13.0,1.3,5,1,10.0
Sannysis Cute Owl Design Soft Skin Case Cover for Samsung Galaxy S4,13.86,2.2967999999999997,8,2,16.57142857142857
Sanyo 2.5 Cubic Foot Mid-Size Office Refrigerators,4476.96,956.9502,17,4,21.375
"Sanyo Counter Height Refrigerator with Crisper, 3.6 Cubic Foot, Stainless Steel/Black",5906.52,1653.8256000000001,18,3,28.000000000000004
Satellite Sectional Post Binders,1219.821,329.0478,38,11,26.975088967971534
Sauder Barrister Bookcases,754.7336,-294.7672,16,3,-39.05579399141631
"Sauder Camden County Barrister Bookcase, Planked Cherry Finish",1064.624,24.196,10,3,2.272727272727273
"Sauder Camden County Collection Libraries, Planked Cherry Finish",1909.8178,-78.18639999999999,19,7,-4.093919325707405
Sauder Camden County Collection Library,1368.2620000000002,-103.482,16,2,-7.563025210084033
Sauder Cornerstone Collection Library,322.192,-81.16760000000001,14,3,-25.192307692307693
"Sauder Facets Collection Library, Sky Alder Finish",1427.683,-8.549,10,4,-0.5988023952095808
"Sauder Facets Collection Locker/File Cabinet, Sky Alder Finish",1706.508,222.588,5,2,13.043478260869565
"Sauder Forest Hills Library with Doors, Woodland Oak Finish",1014.174,-418.548,10,3,-41.26984126984127
"Sauder Forest Hills Library, Woodland Oak Finish",1875.034,-70.49,15,4,-3.7593984962406015
Sauder Inglewood Library Bookcases,2154.348,311.1836,14,5,14.444444444444446
"Sauder Mission Library with Doors, Fruitwood Finish",935.1972,-125.74080000000001,10,3,-13.445378151260506
Security-Tint Envelopes,163.496,73.8788,23,9,45.18691588785047
Seidio BD2-HK3IPH5-BK DILEX Case and Holster Combo for Apple iPhone 5/5s - Black,272.88800000000003,27.288800000000002,11,3,10.0
Self-Adhesive Address Labels for Typewriters by Universal,153.51,64.4011,23,7,41.95238095238095
Self-Adhesive Address Labels for Typewriters with Dispenser Box,26.568,8.9667,9,2,33.75
Self-Adhesive Removable Labels,110.25,52.92,35,7,48.00000000000001
Self-Adhesive Ring Binder Labels,22.88,2.3584000000000005,11,4,10.30769230769231
Sensible Storage WireTech Storage Systems,2484.2999999999997,-78.07799999999999,38,8,-3.1428571428571432
Serrated Blade or Curved Handle Hand Letter Openers,23.864,-4.1133999999999995,9,2,-17.236842105263158
"Seth Thomas 12"" Clock w/ Goldtone Case",390.66,132.8244,17,3,34.0
"Seth Thomas 13 1/2"" Wall Clock",316.48400000000004,71.12,20,5,22.47191011235955
"Seth Thomas 14"" Day/Date Wall Clock",467.072,162.0512,17,6,34.69512195121951
"Seth Thomas 14"" Putty-Colored Wall Clock",357.948,94.7682,13,4,26.475409836065573
"Seth Thomas 16"" Steel Case Clock",441.72799999999995,28.257600000000004,19,5,6.397058823529413
"Seth Thomas 8 1/2"" Cubicle Clock",210.912,59.217600000000004,11,4,28.076923076923077
Sharp 1540cs Digital Laser Copier,4399.92,1649.97,10,7,37.5
Sharp AL-1530CS Digital Copier,6399.872,2064.9587,17,4,32.265625
Shocksock Galaxy S4 Armband,63.510000000000005,-10.074,7,3,-15.86206896551724
ShoreTel ShorePhone IP 230 VoIP phone,2906.628,422.475,21,4,14.534883720930234
"SimpliFile Personal File, Black Granite, 15w x 6-15/16d x 11-1/4h",347.31,85.806,32,8,24.705882352941174
"Situations Contoured Folding Chairs, 4/Set",3641.274,234.234,64,15,6.432748538011697
"SlimView Poly Binder, 3/8""",117.58599999999998,5.697999999999999,40,7,4.845814977973568
"SmartStand Mobile Device Holder, Assorted Colors",75.49199999999999,10.0656,13,3,13.333333333333336
Smead Adjustable Mobile File Trolley with Lockable Top,4778.766,1106.6616,12,3,23.157894736842106
Smead Alpha-Z Color-Coded Name Labels First Letter Starter Set,71.25,32.25,20,5,45.26315789473684
Smead Alpha-Z Color-Coded Second Alphabetical Labels and Starter Set,48.048,22.4224,16,5,46.666666666666664
"Snap-A-Way Black Print Carbonless Ruled Speed Letter, Triplicate",1016.7919999999999,453.7624,28,6,44.626865671641795
"Snap-A-Way Black Print Carbonless Speed Message, No Reply Area, Duplicate",93.248,31.4712,4,1,33.75
Socket Bluetooth Cordless Hand Scanner (CHS),506.28,177.198,3,1,35.0
Sony 16GB Class 10 Micro SDHC R40 Memory Card,190.772,5.155999999999999,16,4,2.702702702702702
Sony 32GB Class 10 Micro SDHC R40 Memory Card,251.4,52.794,12,4,21.0
Sony 64GB Class 10 Micro SDHC R40 Memory Card,899.75,132.0833,27,9,14.680000000000001
Sony 8GB Class 10 Micro SDHC R40 Memory Card,27.192,0.3399,3,1,1.25
Sony Micro Vault Click 16 GB USB 2.0 Flash Drive,1489.334,255.3144,29,9,17.142857142857142
Sony Micro Vault Click 4 GB USB 2.0 Flash Drive,250.92000000000002,35.1288,18,3,13.999999999999998
Sony Micro Vault Click 8 GB USB 2.0 Flash Drive,582.6759999999999,57.3278,13,4,9.838709677419356
"Sortfiler Multipurpose Personal File Organizer, Black",483.414,118.92840000000001,24,6,24.60176991150443
Southworth 100% Cotton The Best Paper,151.536,65.43599999999999,15,3,43.18181818181818
"Southworth 100% Résumé Paper, 24lb.",262.964,113.199,35,7,43.047337278106504
Southworth 25% Cotton Antique Laid Paper & Envelopes,200.16,80.898,26,5,40.416666666666664
Southworth 25% Cotton Granite Paper & Envelopes,37.932,13.2108,7,3,34.82758620689655
Southworth 25% Cotton Linen-Finish Paper & Envelopes,166.704,67.044,20,4,40.21739130434782
Southworth 25% Cotton Premium Laser Paper and Envelopes,527.472,236.5632,28,5,44.84848484848485
Southworth Parchment Paper & Envelopes,83.712,30.738,15,6,36.71875
Southworth Structures Collection,72.8,36.4,10,2,50.0
Space Solutions Commercial Steel Shelving,1952.43,-74.34749999999998,33,7,-3.8079470198675485
Space Solutions HD Industrial Steel Shelving.,3035.208,24.143700000000003,27,8,0.7954545454545455
Space Solutions Industrial Galvanized Steel Shelving.,520.0799999999999,-20.488,7,3,-3.93939393939394
Speck Products Candyshell Flip Case,188.946,-18.1948,8,4,-9.62962962962963
"Speediset Carbonless Redi-Letter 7"" x 8 1/2""",181.456,77.6343,19,5,42.784090909090914
Spigen Samsung Galaxy S5 Case Wallet,234.462,45.873000000000005,15,5,19.56521739130435
SpineVue Locking Slant-D Ring Binders by Cardinal,110.59400000000001,6.032400000000001,22,8,5.454545454545455
Spiral Phone Message Books with Labels by Adams,60.032,25.759999999999998,15,4,42.91044776119403
Square Credit Card Reader,173.826,11.188799999999999,22,7,6.436781609195402
"Square Credit Card Reader, 4 1/2"" x 4 1/2"" x 1"", White",197.802,54.8451,27,5,27.727272727272727
"Square Ring Data Binders, Rigid 75 Pt. Covers, 11"" x 14-7/8""",334.368,98.2464,22,7,29.38271604938271
Stackable Trays,65.296,17.1248,23,7,26.22641509433962
"Stacking Tray, Side-Loading, Legal, Smoke",46.592,-2.8672,16,4,-6.153846153846154
Stacking Trays by OIC,72.708,9.3126,19,6,12.808219178082192
Standard Line While You Were Out Hardbound Telephone Message Book,211.00799999999998,80.4468,11,2,38.125
Standard Rollaway File with Lock,6594.954,1261.3300000000002,40,10,19.125683060109292
Stanley Bostitch Contemporary Electric Pencil Sharpeners,275.076,42.7896,19,7,15.555555555555554
Stanley Contemporary Battery Pencil Sharpeners,293.7,63.012,24,4,21.454545454545457
Staple envelope,1686.8120000000001,751.629,170,48,44.55914470610833
Staple holder,528.78,118.0017,52,13,22.315840236014978
Staple magnet,272.892,44.8092,33,10,16.420122246163317
Staple remover,263.088,24.067800000000002,61,18,9.148193760262725
Staple-based wall hangings,422.288,121.99359999999999,62,16,28.88872049407039
Staple-on labels,53.754000000000005,21.5883,21,5,40.16129032258064
Staples,755.47,292.2046,215,46,38.678518008656866
Staples in misc. colors,478.812,124.05160000000001,86,19,25.908206143538592
Star Micronics TSP100 TSP143LAN Receipt Printer,1035.8,269.308,4,1,26.0
Star Micronics TSP800 TSP847IIU Receipt Printer,1286.85,360.318,4,2,28.000000000000004
StarTech.com 10/100 VDSL2 Ethernet Extender Kit,2330.65,-785.7620000000001,13,4,-33.714285714285715
Steel Personal Filing/Posting Tote,937.4639999999999,185.7173,29,5,19.810606060606062
Sterilite Officeware Hinged File Box,345.84000000000003,78.076,35,11,22.57575757575757
Sterilite Show Offs Storage Containers,78.144,-6.336,16,5,-8.108108108108109
Sterling Rubber Bands by Alliance,19.782,-3.768,5,2,-19.047619047619047
Stiletto Hand Letter Openers,136.32,-21.983999999999998,17,4,-16.126760563380284
Stockwell Gold Paper Clips,8.096,3.404,5,2,42.04545454545454
Stockwell Push Pins,69.76,20.0996,34,8,28.812499999999996
Storex Dura Pro Binders,278.586,50.5494,71,17,18.144989339019187
Storex DuraTech Recycled Plastic Frosted Binders,94.128,11.447999999999999,39,8,12.16216216216216
Storex Flexible Poly Binders with Double Pockets,10.824,-2.0064,9,3,-18.53658536585366
"Strathmore #10 Envelopes, Ultimate White",632.52,309.9348,12,4,49.0
Strathmore Photo Frame Cards,116.96000000000001,53.8016,16,4,46.0
Strathmore Photo Mount Cards,245.436,106.3104,38,9,43.31491712707182
"Stride Job 150 Highlighters, Chisel Tip, Assorted Colors",17.94,6.4584,3,1,36.0
"Stur-D-Stor Shelving, Vertical 5-Shelf: 72""H x 36""W x 18 1/2""D",2552.54,51.050799999999995,23,5,1.9999999999999998
"Super Bands, 12/Pack",33.480000000000004,-2.604,20,4,-7.777777777777777
Super Decoflex Portable Personal File,179.76,39.5472,13,5,22.0
Surelock Post Binders,653.984,210.864,29,8,32.242990654205606
Swingline SM12-08 MicroCut Jam Free Shredder,2359.9410000000003,-447.9888,13,3,-18.983050847457626
"TOPS ""Important Message"" Pads, Canary, 4-1/4 x 5-1/2, 50 Sheets per Pad",70.19200000000001,31.629199999999997,17,3,45.060975609756085
"TOPS 4 x 6 Fluorescent Color Memo Sheets, 500 Sheets per Pack",102.49199999999999,37.1059,13,3,36.2037037037037
"TOPS Carbonless Receipt Book, Four 2-3/4 x 7-1/4 Money Receipts per Page",406.464,178.704,25,4,43.96551724137932
"TOPS Money Receipt Book, Consecutively Numbered in Red,",88.11,39.6495,11,2,45.00000000000001
"TOPS Voice Message Log Book, Flash Format",49.504,20.372799999999998,12,3,41.15384615384615
"TRENDnet 56K USB 2.0 Phone, Internet and Fax Modem",626.538,212.298,25,5,33.88429752066116
"Telephone Message Books with Fax/Mobile Section, 4 1/4"" x 6""",51.120000000000005,21.96,15,3,42.95774647887324
"Telephone Message Books with Fax/Mobile Section, 5 1/2"" x 3 3/16""",99.06,40.766999999999996,17,6,41.153846153846146
Telescoping Adjustable Floor Lamp,143.928,-5.997000000000002,10,6,-4.166666666666668
"Tenex ""The Solids"" Textured Chair Mats",1469.1599999999999,-40.57679999999999,26,7,-2.7619047619047614
"Tenex 46"" x 60"" Computer Anti-Static Chairmat, Rectangular Shaped",2267.972,148.372,25,7,6.5420560747663545
Tenex Antistatic Computer Chair Mats,3317.0119999999997,-530.038,25,6,-15.979381443298971
Tenex B1-RE Series Chair Mats for Low Pile Carpets,1002.3639999999999,124.6058,23,7,12.43119266055046
"Tenex Carpeted, Granite-Look or Clear Contemporary Contour Shape Chair Mats",763.6679999999999,-222.73649999999998,15,5,-29.166666666666668
"Tenex Chairmat w/ Average Lip, 45"" x 53""",2058.496,-529.76,19,4,-25.735294117647058
Tenex Chairmats For Use With Carpeted Floors,175.78,8.789,11,4,5.0
Tenex Chairmats For Use with Hard Floors,467.712,-129.92,20,6,-27.777777777777775
"Tenex Contemporary Contur Chairmats for Low and Medium Pile Carpet, Computer, 39"" x 49""",1010.7819999999999,150.542,10,4,14.893617021276597
"Tenex File Box, Personal Filing Tote with Lid, Black",338.118,62.660399999999996,24,7,18.532110091743117
"Tenex Personal Filing Tote With Secure Closure Lid, Black/Frost",279.18,23.265,22,5,8.333333333333332
"Tenex Personal Project File with Scoop Front Design, Black",517.6320000000001,118.62400000000001,40,10,22.916666666666664
"Tenex Personal Self-Stacking Standard File Box, Black/Gray",229.976,44.811499999999995,15,5,19.485294117647058
"Tenex Traditional Chairmats for Hard Floors, Average Lip, 36"" x 48""",180.46,-46.403999999999996,4,2,-25.71428571428571
"Tenex Traditional Chairmats for Medium Pile Carpet, Standard Lip, 36"" x 48""",1322.17,172.246,24,6,13.027522935779817
"Tenex V2T-RE Standard Weight Series Chair Mat, 45"" x 53"", Lip 25"" x 12""",468.46799999999996,51.105599999999995,7,3,10.909090909090908
Tennsco 16-Compartment Lockers with Coat Rack,7515.523999999999,1114.3708,13,5,14.827586206896552
Tennsco 6- and 18-Compartment Lockers,10925.003999999999,1575.1098,43,11,14.41747572815534
Tennsco Commercial Shelving,374.256,-48.6126,21,9,-12.98913043478261
Tennsco Double-Tier Lockers,9630.856,429.7882,47,12,4.462616822429907
Tennsco Industrial Shelving,1281.442,-108.5802,29,9,-8.473282442748092
"Tennsco Lockers, Gray",402.816,-26.434800000000003,22,6,-6.562500000000002
"Tennsco Lockers, Sand",407.012,56.2264,22,5,13.814432989690722
Tennsco Regal Shelving Units,1764.534,-6.084599999999998,18,4,-0.3448275862068964
Tennsco Single-Tier Lockers,9158.296,-825.7479999999999,28,8,-9.016393442622949
"Tennsco Snap-Together Open Shelving Units, Starter Sets and Add-On Units",6819.312,181.66199999999998,25,6,2.663934426229508
"Tennsco Stur-D-Stor Boltless Shelving, 5 Shelves, 24"" Deep, Sand",4384.044,-36.533699999999996,33,7,-0.8333333333333334
"Tensor ""Hersey Kiss"" Styled Floor Lamp",93.52799999999999,2.0784000000000002,8,3,2.2222222222222228
Tensor Brushed Steel Torchiere Floor Lamp,146.11399999999998,6.795999999999999,10,4,4.651162790697675
Tensor Computer Mounted Lamp,536.04,144.7308,36,8,27.0
Tensor Track Tree Floor Lamp,299.85,38.180899999999994,17,4,12.73333333333333
Texas Instrument TI-15 Fraction Calculator,41.905,-20.519,8,2,-48.9655172413793
Texas Instruments TI-34 Scientific Calculator,204.507,64.6506,12,3,31.61290322580645
Things To Do Today Pad,138.532,59.1696,26,7,42.71186440677966
Things To Do Today Spiral Book,82.368,29.8584,13,3,36.25000000000001
Tops Green Bar Computer Printout Paper,342.58,171.29,7,3,50.0
Tops White Computer Printout Paper,684.74,321.8278,14,4,47.0
Tops Wirebound Message Log Books,73.696,29.281,25,6,39.732142857142854
Toshiba IPT2010-SD IP Telephone,3613.74,425.3094,31,8,11.76923076923077
Translucent Push Pins by OIC,24.552,5.841,15,3,23.790322580645164
"Trav-L-File Heavy-Duty Shuttle II, Black",1193.818,278.848,30,7,23.357664233576646
Trimflex Flexible Post Binders,346.356,112.8864,21,4,32.59259259259259
Tripp Lite Isotel 6 Outlet Surge Protector with Fax/Modem Protection,1243.788,74.99310000000001,27,6,6.029411764705883
Tripp Lite Isotel 8 Ultra 8 Outlet Metal Surge,823.2520000000001,-17.03280000000001,16,3,-2.0689655172413803
Tripp Lite TLP810NET Broadband Surge for Modem/Fax,937.848,130.4832,22,6,13.913043478260873
Tuf-Vin Binders,669.496,234.3236,26,7,35.0
Tuff Stuff Recycled Round Ring Binders,80.494,23.955399999999997,23,9,29.760479041916167
Turquoise Lead Holder with Pocket Clip,37.52,10.586,6,3,28.214285714285715
"Tyvek  Top-Opening Peel & Seel  Envelopes, Gray",610.98,274.941,17,3,44.99999999999999
"Tyvek  Top-Opening Peel & Seel Envelopes, Plain White",570.78,225.0504,24,7,39.42857142857143
"Tyvek Interoffice Envelopes, 9 1/2"" x 12 1/2"", 100/Box",939.092,421.9816,16,5,44.935064935064936
Tyvek Side-Opening Peel & Seel Expanding Envelopes,1266.72,570.024,14,5,45.0
Ultra Commercial Grade Dual Valve Door Closer,63.824,9.5736,2,1,15.000000000000002
"Ultra Door Kickplate, 8""H x 34""W",158.24,27.692,10,2,17.5
Ultra Door Pull Handle,265.104,74.7972,27,6,28.21428571428572
Ultra Door Push Plate,149.264,37.4142,34,7,25.06578947368421
UniKeep View Case Binders,28.851,-5.4768,13,5,-18.983050847457626
Universal Premium White Copier/Laser Paper (20Lb. and 87 Bright),129.168,55.9728,24,5,43.33333333333333
"Universal Recycled Hanging Pressboard Report Binders, Letter Size",72.806,8.638000000000002,20,5,11.86440677966102
"Universal Ultra Bright White Copier/Laser Paper, 8 1/2"" x 11"", Ream",15.552,5.6376,3,1,36.25
Unpadded Memo Slips,18.308,8.358,5,2,45.652173913043484
V7 USB Numeric Keypad,461.868,-58.7832,16,4,-12.727272727272728
VTech DS6151,2746.582,478.762,25,8,17.431192660550458
VariCap6 Expandable Binder,122.83,31.14,10,3,25.352112676056336
"Verbatim 25 GB 6x Blu-ray Single Layer Recordable Disc, 1/Pack",83.44,11.473,14,3,13.750000000000002
"Verbatim 25 GB 6x Blu-ray Single Layer Recordable Disc, 10/Pack",150.67000000000002,41.955799999999996,14,5,27.846153846153843
"Verbatim 25 GB 6x Blu-ray Single Layer Recordable Disc, 25/Pack",248.292,91.0404,12,5,36.66666666666667
"Verbatim 25 GB 6x Blu-ray Single Layer Recordable Disc, 3/Pack",184.536,67.104,30,6,36.36363636363637
"Verbatim Slim CD and DVD Storage Cases, 50/Pack",80.78,16.156,8,4,20.0
"Vinyl Coated Wire Paper Clips in Organizer Box, 800/Box",296.184,119.7364,29,8,40.42635658914728
Vinyl Sectional Post Binders,901.03,147.02999999999997,40,11,16.31799163179916
"Vtech AT&T CL2940 Corded Speakerphone, Black",71.976,24.2919,3,1,33.75
Vtech CS6719,2630.126,418.51640000000003,32,7,15.912408759124089
WD My Passport Ultra 1TB Portable External Hard Drive,1007.4,33.81,17,6,3.356164383561644
WD My Passport Ultra 2TB Portable External Hard Drive,3998.4,499.8,35,8,12.5
WD My Passport Ultra 500GB Portable External Hard Drive,708.0,120.36,12,4,17.0
Wasp CCD Handheld Bar Code Reader,336.51,44.868,3,1,13.333333333333334
Wausau Papers Astrobrights Colored Envelopes,50.232,22.7838,9,3,45.357142857142854
Westinghouse Clip-On Gooseneck Lamps,279.558,44.1936,38,9,15.808383233532936
"Westinghouse Floor Lamp with Metal Mesh Shade, Black",167.93,38.6239,7,4,23.0
"Westinghouse Mesh Shade Clip-On Gooseneck Lamp, Black",84.84,22.0584,6,2,25.999999999999996
Weyerhaeuser First Choice Laser/Copy Paper (20Lb. and 88 Bright),155.51999999999998,71.28,25,5,45.833333333333336
"While You Were Out Pads, 50 per Pad, 4 x 5 1/4, Green Cycle",50.138000000000005,18.778100000000002,13,4,37.45283018867925
"White Business Envelopes with Contemporary Seam, Recycled White Business Envelopes",336.952,150.97199999999998,34,6,44.805194805194795
White Computer Printout Paper by Universal,1279.08,547.6788,37,8,42.81818181818182
"White Dual Perf Computer Printout Paper, 2700 Sheets, 1 Part, Heavyweight, 20 lbs., 14 7/8 x 11",909.9780000000001,408.2604,24,6,44.86486486486486
"White Envelopes, White Envelopes with Clear Poly Window",320.25,139.07999999999998,22,5,43.42857142857142
White GlueTop Scratch Pads,186.49599999999998,72.7936,14,2,39.032258064516135
Wi-Ex zBoost YX540 Cellular Phone Signal Booster,2481.15,540.015,19,6,21.76470588235294
Wilson Electronics DB Pro Signal Booster,8878.4,515.52,32,10,5.806451612903226
"Wilson Jones 1"" Hanging DublLock Ring Binders",117.744,-8.5536,46,10,-7.26457399103139
Wilson Jones 14 Line Acrylic Coated Pressboard Data Binders,100.392,35.297399999999996,23,4,35.159574468085104
Wilson Jones Active Use Binders,115.024,37.0552,21,6,32.21518987341772
Wilson Jones Century Plastic Molded Ring Binders,583.6370000000001,55.2482,48,10,9.466192170818504
"Wilson Jones Clip & Carry Folder Binder Tool for Ring Binders, Clear",191.98,50.228,47,9,26.163141993957705
Wilson Jones Custom Binder Spines & Labels,41.344,-19.6928,22,7,-47.63157894736841
Wilson Jones DublLock D-Ring Binders,35.775,15.525,6,2,43.39622641509434
Wilson Jones Easy Flow II Sheet Lifters,51.480000000000004,5.6160000000000005,49,12,10.90909090909091
"Wilson Jones Elliptical Ring 3 1/2"" Capacity Binders, 800 sheets",834.6,-82.17599999999999,42,8,-9.846153846153845
Wilson Jones Four-Pocket Poly Binders,62.13,5.4282,17,4,8.736842105263158
Wilson Jones Hanging Recycled Pressboard Data Binders,32.647999999999996,1.7807999999999993,4,2,5.454545454545453
"Wilson Jones Hanging View Binder, White, 1""",143.42,55.238,23,7,38.51485148514852
Wilson Jones Heavy-Duty Casebound Ring Binders with Metal Hinges,554.24,157.95839999999998,22,6,28.499999999999996
Wilson Jones Impact Binders,134.68,23.724400000000003,42,9,17.615384615384617
Wilson Jones International Size A4 Ring Binders,174.73000000000002,12.802000000000005,18,7,7.326732673267329
Wilson Jones Leather-Like Binders with DublLock Round Rings,238.329,25.4916,46,12,10.695970695970695
"Wilson Jones Ledger-Size, Piano-Hinge Binder, 2"", Blue",1217.106,215.5548,47,12,17.71043771043771
Wilson Jones Legal Size Ring Binders,532.158,48.37800000000001,44,9,9.090909090909092
Wilson Jones Standard D-Ring Binders,96.646,26.9192,26,8,27.853403141361255
Wilson Jones Suede Grain Vinyl Binders,16.402,5.0596000000000005,8,3,30.847457627118647
Wilson Jones Turn Tabs Binder Tool for Ring Binders,212.08,58.5148,59,13,27.590909090909086
Wilson Jones data.warehouse D-Ring Binders with DublLock,66.663,15.307799999999999,12,5,22.962962962962962
Wilson Jones Snap Scratch Pad Binder Tool for Ring Binders,100.92,30.739999999999995,22,5,30.459770114942526
Wilson SignalBoost 841262 DB PRO Amplifier Kit,5327.26,1043.855,17,6,19.594594594594593
"Wirebound Four 2-3/4 x 5 Forms per Page, 400 Sets per Book",119.97,47.601,22,6,39.67741935483871
"Wirebound Message Book, 4 per Page",184.62,87.69449999999999,35,7,47.49999999999999
"Wirebound Message Books, 2 7/8"" x 5"", 3 Forms per Page",108.416,44.985600000000005,17,3,41.4935064935065
"Wirebound Message Books, 5-1/2 x 4 Forms, 2 or 4 Forms per Page",72.25200000000001,31.3092,12,3,43.33333333333333
"Wirebound Message Books, Four 2 3/4 x 5 Forms per Page, 200 Sets per Book",115.434,47.223,26,6,40.909090909090914
"Wirebound Message Books, Four 2 3/4 x 5 White Forms per Page",218.094,95.2656,34,7,43.68098159509203
"Wirebound Message Books, Four 2 3/4"" x 5"" Forms per Page, 600 Sets per Book",246.582,109.01520000000001,28,9,44.21052631578948
"Wirebound Message Books, Two 4 1/4"" x 5"" Forms per Page",109.584,49.084500000000006,15,6,44.79166666666667
"Wirebound Message Forms, Four 2 3/4 x 5 Forms per Page, Pink Paper",35.948,14.2975,5,2,39.77272727272727
"Wirebound Service Call Books, 5 1/2"" x 4""",125.84,60.4032,13,5,48.0
Wirebound Voice Message Log Book,15.232,4.9504,4,2,32.5
Wireless Extenders zBoost YX545 SOHO Signal Booster,4044.3860000000004,733.2812,24,7,18.130841121495326
Woodgrain Magazine Files by Perma,69.136,2.6224,24,6,3.793103448275862
X-Rack File for Hanging Folders,318.378,67.74,30,9,21.27659574468085
Xblue XB-1670-86 X16 Small Office Telephone - Titanium,604.752,132.2895,5,2,21.875000000000004
Xerox 188,213.192,97.524,20,8,45.744680851063826
Xerox 1880,623.744,285.64639999999997,18,5,45.79545454545454
Xerox 1881,454.36,207.04080000000002,38,11,45.567567567567565
Xerox 1882,615.78,273.18240000000003,12,5,44.363636363636374
Xerox 1883,881.092,354.0196,37,7,40.17964071856287
Xerox 1884,543.456,204.5952,32,8,37.64705882352941
Xerox 1885,960.8,461.184,20,5,48.00000000000001
Xerox 1886,651.4399999999999,302.728,14,5,46.47058823529412
Xerox 1887,512.1899999999999,216.25799999999998,30,8,42.22222222222222
Xerox 1888,1231.656,539.2656,24,6,43.78378378378378
Xerox 1889,516.624,236.32799999999997,10,3,45.744680851063826
Xerox 189,1782.4499999999998,746.532,19,6,41.88235294117648
Xerox 1890,244.7,122.35,5,2,50.0
Xerox 1891,1320.57,542.901,30,7,41.11111111111111
Xerox 1892,178.296,79.458,5,2,44.56521739130435
Xerox 1893,1434.65,619.3589,39,11,43.171428571428564
Xerox 1894,169.776,78.79679999999999,27,5,46.41221374045801
Xerox 1895,191.36,82.82300000000001,33,7,43.28125
Xerox 1896,49.95,22.4775,5,2,44.99999999999999
Xerox 1897,67.72800000000001,27.0912,16,4,40.0
Xerox 1898,280.56,120.7744,46,11,43.047619047619044
Xerox 1899,69.36,28.090799999999998,14,5,40.5
Xerox 19,415.132,159.54700000000003,15,4,38.43283582089553
Xerox 190,29.88,14.0436,6,2,47.0
Xerox 1900,105.288,44.084,26,7,41.869918699187
Xerox 1901,16.896,5.28,4,1,31.25
Xerox 1902,82.22399999999999,32.8896,4,2,40.00000000000001
Xerox 1903,138.736,65.54079999999999,24,6,47.241379310344826
Xerox 1905,146.448,68.94720000000001,23,5,47.07964601769912
Xerox 1906,1098.6399999999999,497.5776,32,7,45.29032258064517
Xerox 1907,122.8,57.716,10,3,47.0
Xerox 1908,1712.988,799.3944,32,7,46.666666666666664
Xerox 1909,970.784,400.976,40,9,41.30434782608695
Xerox 191,767.232,354.2454,39,10,46.17187500000001
Xerox 1910,586.088,236.3568,14,5,40.32786885245902
Xerox 1911,603.54,279.736,13,5,46.34920634920635
Xerox 1912,201.082,92.5736,11,4,46.0377358490566
Xerox 1913,865.4879999999999,375.0448,17,5,43.333333333333336
Xerox 1914,956.3040000000001,423.74159999999995,19,5,44.31034482758619
Xerox 1915,2789.0099999999998,1262.394,28,9,45.26315789473684
Xerox 1916,831.98,342.58,20,7,41.17647058823529
Xerox 1917,1222.75,574.6925,25,5,47.0
Xerox 1918,155.04,75.9696,4,1,49.00000000000001
Xerox 1919,1565.818,729.622,40,9,46.596858638743456
Xerox 192,142.56,68.4288,22,6,48.0
Xerox 1920,89.7,40.365,15,4,45.0
Xerox 1921,55.944,17.4825,7,3,31.25
Xerox 1922,11.952,4.3326,3,1,36.25000000000001
Xerox 1923,94.856,39.2784,16,5,41.40845070422535
Xerox 1924,60.112,24.7384,12,4,41.15384615384615
Xerox 1925,489.48400000000004,182.782,18,6,37.34177215189873
Xerox 1926,34.86,16.3842,7,1,47.0
Xerox 1927,65.056,22.683999999999997,18,5,34.868421052631575
Xerox 1928,124.608,49.104,26,4,39.40677966101695
Xerox 1929,351.736,154.3984,16,4,43.8961038961039
Xerox 193,77.74000000000001,38.0926,13,3,48.99999999999999
Xerox 1930,138.672,59.3568,24,5,42.80373831775701
Xerox 1931,209.952,88.6464,36,8,42.22222222222222
Xerox 1932,85.056,28.7064,3,1,33.75
Xerox 1933,294.72,138.5184,24,5,47.0
Xerox 1934,1097.2079999999999,526.212,20,5,47.95918367346939
Xerox 1935,538.152,239.0028,21,4,44.41176470588235
Xerox 1936,155.844,60.5394,9,3,38.84615384615385
Xerox 1937,499.616,199.84640000000002,12,4,40.0
Xerox 1938,268.24,93.884,7,1,35.0
Xerox 1939,417.34,200.32319999999999,22,5,48.0
Xerox 194,443.84000000000003,184.1936,9,4,41.5
Xerox 1940,615.552,279.1968,12,4,45.357142857142854
Xerox 1941,1740.51,704.592,19,5,40.48192771084337
Xerox 1942,597.068,278.95799999999997,13,6,46.721311475409834
Xerox 1943,743.432,328.6752,16,4,44.21052631578948
Xerox 1944,573.648,257.3664,16,6,44.86486486486486
Xerox 1945,1696.986,756.2655,45,8,44.565217391304344
Xerox 1946,79.056,35.2512,13,3,44.59016393442623
Xerox 1947,136.344,54.119,25,5,39.69298245614035
Xerox 1948,149.85000000000002,67.4325,15,3,44.99999999999999
Xerox 1949,114.54,43.4256,28,8,37.913043478260875
Xerox 195,164.328,70.54079999999999,27,8,42.92682926829268
Xerox 1950,49.708,23.177799999999998,9,3,46.627906976744185
Xerox 1951,755.912,244.74200000000002,30,6,32.37704918032787
Xerox 1952,97.60799999999999,44.82,20,4,45.91836734693878
Xerox 1953,47.08,18.832,12,4,40.0
Xerox 1954,84.48,32.208,18,4,38.125
Xerox 1955,182.72,59.384,10,2,32.5
Xerox 1956,89.7,40.9032,16,2,45.599999999999994
Xerox 1957,95.904,39.7224,17,6,41.418918918918926
Xerox 1958,32.400000000000006,15.552,5,2,47.99999999999999
Xerox 1959,133.6,60.6544,21,6,45.4
Xerox 196,92.47999999999999,39.4196,18,8,42.62500000000001
Xerox 1960,879.832,334.584,32,6,38.028169014084504
Xerox 1962,109.568,43.656,28,7,39.84375
Xerox 1963,77.088,27.72,17,3,35.95890410958904
Xerox 1964,721.7439999999999,314.73519999999996,33,4,43.60759493670886
Xerox 1965,56.212,25.714,10,4,45.744680851063826
Xerox 1966,79.056,32.7888,14,6,41.47540983606558
Xerox 1967,89.424,38.879999999999995,15,5,43.47826086956521
Xerox 1968,165.664,75.35040000000001,26,5,45.48387096774194
Xerox 1969,11.56,5.6644,2,1,48.99999999999999
Xerox 197,501.87600000000003,195.174,18,3,38.88888888888889
Xerox 1970,101.592,43.5252,22,6,42.84313725490196
Xerox 1971,113.84800000000001,47.936,28,6,42.10526315789473
Xerox 1972,46.464,17.424,10,5,37.5
Xerox 1973,169.01600000000002,70.3472,8,2,41.62162162162162
Xerox 1974,57.408,26.91,10,4,46.875
Xerox 1975,69.98400000000001,30.3264,12,5,43.33333333333333
Xerox 1976,36.288,12.700800000000001,7,2,35.0
Xerox 1977,130.928,61.455999999999996,20,6,46.93877551020408
Xerox 1978,174.556,74.33080000000001,34,8,42.58278145695365
Xerox 1979,328.38800000000003,140.959,11,3,42.92452830188679
Xerox 198,75.696,33.4656,16,3,44.21052631578948
Xerox 1980,34.24,15.408,8,2,44.99999999999999
Xerox 1981,70.752,30.096,14,4,42.53731343283582
Xerox 1982,237.536,89.5328,12,3,37.69230769230769
Xerox 1983,29.900000000000002,14.651,5,2,48.99999999999999
Xerox 1984,12.96,6.3504,2,1,48.99999999999999
Xerox 1985,25.92,9.072,5,2,34.99999999999999
Xerox 1986,85.50399999999999,40.3472,13,4,47.18750000000001
Xerox 1987,92.48,45.3152,16,4,48.99999999999999
Xerox 1988,1102.888,404.289,41,9,36.65730337078652
Xerox 1989,7.968,2.6892,2,1,33.75
Xerox 199,57.352,19.688000000000002,16,4,34.32835820895523
Xerox 1990,36.96,13.728,8,2,37.14285714285714
Xerox 1991,575.568,254.8944,26,6,44.285714285714285
Xerox 1992,86.11200000000001,40.365,15,4,46.875
Xerox 1993,147.744,68.4288,24,8,46.31578947368421
Xerox 1994,76.464,32.6592,13,4,42.71186440677966
Xerox 1995,121.82400000000001,47.6928,22,6,39.148936170212764
Xerox 1996,176.256,81.9072,28,8,46.470588235294116
Xerox 1997,178.848,77.76,30,8,43.47826086956522
Xerox 1998,46.656,16.3296,9,2,35.0
Xerox 1999,98.49600000000001,41.2128,17,7,41.84210526315789
Xerox 2,137.376,53.135999999999996,25,9,38.679245283018865
Xerox 20,6.48,3.1104,1,1,47.99999999999999
Xerox 200,84.24000000000001,33.696,15,5,39.99999999999999
Xerox 2000,84.24000000000001,37.0656,14,5,44.0
Xerox 201,110.16,46.1376,19,5,41.88235294117647
Xerox 202,171.072,76.7232,28,8,44.84848484848485
Xerox 203,143.856,62.985600000000005,24,6,43.78378378378379
Xerox 204,110.16,52.8768,17,4,48.00000000000001
Xerox 205,150.336,69.4656,24,4,46.20689655172413
Xerox 206,60.912000000000006,23.846400000000003,11,5,39.148936170212764
Xerox 207,40.176,16.5888,7,2,41.29032258064515
Xerox 208,54.432,24.105600000000003,9,2,44.28571428571429
Xerox 209,187.92000000000002,90.2016,29,5,48.0
Xerox 21,124.416,43.5456,24,7,35.0
Xerox 210,95.904,35.2512,18,6,36.75675675675675
Xerox 211,104.976,40.9536,19,4,39.01234567901235
Xerox 212,141.264,57.024,25,7,40.366972477064216
Xerox 213,111.456,50.803200000000004,18,6,45.58139534883721
Xerox 214,215.136,90.46079999999999,37,9,42.04819277108434
Xerox 215,45.36,21.7728,7,2,48.0
Xerox 216,238.464,96.9408,42,8,40.65217391304348
Xerox 217,151.632,67.392,25,8,44.44444444444444
Xerox 218,49.248000000000005,22.2912,8,5,45.263157894736835
Xerox 219,97.2,46.656,15,4,48.0
Xerox 22,75.168,31.3632,13,3,41.72413793103448
Xerox 220,145.15200000000002,60.912,25,8,41.96428571428571
Xerox 221,80.352,33.1776,14,4,41.29032258064515
Xerox 222,134.784,60.6528,22,7,45.0
Xerox 223,58.32,27.9936,9,3,48.0
Xerox 224,95.904,38.6208,17,6,40.270270270270274
Xerox 225,196.99200000000002,85.7952,33,9,43.55263157894736
Xerox 226,334.368,155.7792,53,11,46.58914728682171
Xerox 227,120.528,46.3968,22,8,38.494623655913976
Xerox 228,97.2,46.656,15,4,48.0
Xerox 229,85.536,34.992000000000004,15,3,40.909090909090914
Xerox 23,141.264,63.7632,23,6,45.13761467889908
Xerox 230,127.008,56.2464,21,5,44.28571428571429
Xerox 231,79.05600000000001,31.8816,14,5,40.32786885245901
Xerox 232,120.52799999999999,56.5056,19,4,46.881720430107535
Xerox 4200 Series MultiUse Premium Copy Paper (20Lb. and 84 Bright),139.392,52.272,30,8,37.5
Xerox Blank Computer Paper,99.9,46.953,5,1,47.0
"Xerox Color Copier Paper, 11"" x 17"", Ream",593.84,260.83279999999996,27,6,43.92307692307691
Xerox WorkCentre 6505DN Laser Multifunction Printer,2519.958,-251.9958,7,1,-10.0
Xiaomi Mi3,2279.96,592.7896,4,1,25.999999999999996
"XtraLife ClearVue Slant-D Ring Binder, White, 3""",386.084,76.92320000000001,39,10,19.923954372623577
XtraLife ClearVue Slant-D Ring Binders by Cardinal,72.912,-13.328,22,5,-18.279569892473116
Zebra GK420t Direct Thermal/Thermal Transfer Printer,703.71,-938.28,6,1,-133.33333333333331
Zebra GX420t Direct Thermal/Thermal Transfer Printer,5787.355,509.712,14,3,8.807339449541285
Zebra ZM400 Thermal Label Printer,6965.700000000001,3343.536,6,2,48.0
Zebra Zazzle Fluorescent Highlighters,100.928,20.671999999999997,20,6,20.48192771084337
Zipper Ring Binder Pockets,81.744,11.7312,44,13,14.351145038167939
i.Sound Portable Power - 8000 mAh,413.322,-58.8189,9,5,-14.23076923076923
iHome FM Clock Radio with Lightning Dock,699.9,17.4975,13,5,2.5
"iKross Bluetooth Portable Keyboard + Cell Phone Stand Holder + Brush for Apple iPhone 5S 5C 5, 4S 4",477.66,115.64399999999999,24,5,24.210526315789473
iOttie HLCRIO102 Car Mount,215.892,-11.994,12,5,-5.555555555555555
iOttie XL Car Mount,223.88799999999998,-50.3748,14,2,-22.500000000000004
invisibleSHIELD by ZAGG Smudge-Free Screen Protector,442.554,171.2648,29,7,38.69918699186992
netTALK DUO VoIP Telephone Service,1112.788,430.418,26,7,38.67924528301887
